大事に	11170
瞬間に	13942
責任	5219
沈む	14126
無理	2270
回復	8054
程度	5079
答えは	9869
能力	7863
唔	14628
子が	3951
場合は	8897
空が	11395
想いは	12256
件	1428
少	824
着替え	17461
資産	17715
活	1391
豪華	12424
者が	2552
敏感	15949
出会えた	15243
企	2971
去って	11744
最大	3794
選	786
脚	5655
淋	7667
銃	3566
務	1559
入ってる	12233
今や	14659
住宅	4955
飛ばして	13979
小学	18858
運んで	12138
矢	6519
夜を	7531
占	4985
看	4197
唯	6104
支	2262
君の	1877
拒	11281
永遠に	6722
盗んだ	17151
多くの	5805
増加	12103
醒	8900
何の話	14410
南部	7013
両手	12915
諸島	11218
分は	15130
気を	3077
事件は	16766
始め	2954
試	1556
葵	12185
言うな	11549
花び	12100
向かい	11614
執行	17054
包む	14268
日本の	5453
妬	10070
安い	11210
阻	12455
単	2032
粉	5108
紅茶	15721
名は	13457
上司	15534
昇	3816
衆	5871
引く	9875
毎日	2725
負傷	17425
無駄	5404
思っている	15811
方で	10348
舌	8837
取材	5650
率	2967
由	1353
出した	2405
指示	7801
掛けて	17496
最強	8115
宿泊	14910
国際	5158
初めて	1775
糖	6025
涙が	8051
者として	12798
不安	2602
外に	12477
志	3839
潮	6771
現	900
特殊	9592
変わらない	3918
行くんだ	16421
証言	9882
専	3553
返して	11427
飲んだ	14305
警	1198
落ち着いて	7596
棋	9048
優しく	5003
効果	5402
豊富	14905
半分	6354
採用	17110
膨ら	10206
万人	7852
落ちる	7310
部は	12475
交通	6724
降りる	18185
招待	15048
対決	11804
悩	3296
低	2291
裏切	12190
夜空	9146
績	7169
相手を	12571
行きましょう	8494
日で	11129
誘導	17346
侍	11035
直後	11986
療養	16466
取った	6737
古い	7120
浮か	4909
第	1702
何度か	18062
助ける	11306
俊	18770
綱	12597
飽き	13714
贈	6792
層	5910
業務	12862
借りて	17724
願い	1111
馴	11084
拓	10020
先で	17003
吸って	14436
先生は	11101
命を	9294
少しずつ	6555
高級	10506
商品	5382
職業	17631
箱	4934
込んで	2494
盛	2726
遂	7359
渉	6922
程	2542
来てくれた	14949
休暇	17541
残り	5859
絶景	14907
代	819
溺	10564
同時に	8209
区の	13844
迷子	14357
相手に	9190
変わらず	6886
深呼吸	13604
黙	3218
随	7496
揚	5485
伝え	1741
为	5439
肩	4021
我也	18264
与える	17699
限界	6414
月には	16436
強制	13855
墜	13850
乗せて	11541
先は	9217
階	2613
百	4209
新たな	4237
瞼	18564
呼びかけ	7880
聞	725
変な	5644
政府が	13221
列車	11510
尻	5623
埋め	9678
眠れ	11267
今年は	10455
付いて	9938
革命	12254
自分で	3303
正義	8784
病	1957
午前	3386
結	877
役	1897
觉	13912
高校生	8596
本気	4319
粒	8644
雷	4326
想定	11491
組	1294
自然に	15281
何よりも	15384
两	17437
疑う	17887
炭	7272
太陽	3249
痕	11601
功	3685
日中	10968
時間で	12278
電	1130
線を	9397
止めた	11640
切れる	12566
数は	8109
監視	8171
合えば	17156
深夜	17118
田さん	4335
恨	11931
問題	1779
医師	8582
場は	12490
崩れ	9968
食ら	15826
脱出	13174
写真	3235
俺たちは	9715
子ちゃん	16494
風が	3193
組み	3372
貰	9761
任せる	15635
置いて	4671
服装	15892
人も	3413
話そう	15750
思議	3932
放ってお	17395
響	1566
交う	18685
選択	5780
止まって	10934
昼間	15440
遅い	8806
尉	13431
中の	4397
例	1831
分からない	2938
扱い	12646
狗	13205
粘	11265
割り	10646
声	1248
少なくとも	7625
消して	16646
神は	16595
刑事	8639
拉	13006
教科書	18386
朝まで	10597
毎	1893
自然	3789
裁判	5371
普	2132
錠	14878
磨き	18316
郎	2300
決め	5105
鈍	12656
兄さん	6340
奪	2721
整備	14538
力の	17713
焦	3733
味付け	17921
帰ろう	9500
笑い	3667
積極	10678
請求	13959
途中	6442
話	570
連絡	3245
思える	15549
分かり	2242
線路	18603
帰りたい	16082
包	3052
報告	4548
映像	4581
方法	3845
募集	15541
規模	5419
理由を	17723
体重	13162
恵	5448
扱	5520
誰だ	7604
岩	4536
私のこと	11577
脱ぎ	12957
厄	14198
休憩	9429
好きになる	18463
湿った	18184
麻	5087
聞いて	1919
狭	11025
会話	9611
虐待	17096
会社は	17238
細	2478
最新	5375
悲しい	4692
話したい	13712
塊	16593
虐	10639
胸の奥	11165
金は	9435
幾	6703
学校	2403
記	1256
博士	7833
言っても	11547
需要	10953
迷路	16854
于	10388
噌	16032
撫で	17435
正	1091
洋	3598
着陸	17175
倉庫	16662
販売	5573
凄	8188
歪	10789
選手権	9420
行ける	7179
安心	4077
何とか	7093
闇を	17588
武	2824
止まった	11946
呉	18357
回収	12504
目	535
凡	11812
外交	11543
主人	4250
座って	8497
時まで	13586
咲	2010
作られた	11984
問いか	15887
聞こえた	11294
汗	5503
次に	8339
字	2199
意思	12882
通常	7357
若	2153
議	1360
励	9550
輸出	18469
途中で	8827
面会	17834
行かない	10175
仲間と	17152
忘れないよ	18651
制度	11918
子供は	18082
彼女は	2880
父	1438
気づいて	9932
長の	17489
下着	16371
即	7944
寂	3378
払って	17017
丘	8032
補助	16876
削	6582
懲	12305
間	466
爪	10501
里	2912
網	9402
並ぶ	11261
恐竜	17188
故郷	9700
戦い	8504
天	1155
色々	6432
率は	11000
加えて	17889
素	1397
姉	2285
握りし	16098
目の前	4785
心に	3244
籍	9784
限り	4768
母親	5602
国会	11929
分かりました	4232
止ま	2918
亡くなった	7594
立てる	11765
出て	2107
空き	14513
関わ	13146
弓	16539
十分に	17109
难	15715
欲望	12812
死に	5812
農業	14219
嫌い	4770
魅	3889
気持ちいい	4810
大家	17366
雑	3673
州	2413
無い	3241
知られる	16618
側が	10759
遠慮	7810
建物	8346
蒸し	14087
日目	10371
前	481
語で	18642
作って	9044
雰囲気	8364
面で	12325
叶う	9110
間違	2295
克	11330
準備	3382
憲法	17974
海の	16904
破	2230
金属	13654
局	2017
思えば	17801
腕を	10621
誰に	7729
何してる	12079
应该	16781
璧	5960
込まれる	15257
金	879
並んで	11554
尿	16395
部の	9104
作成	18732
谷は	16594
攻	2198
運行	18733
増えて	9180
大規模	10895
試合	2461
気温	3192
与	2197
芋	14035
雲が	6579
意外な	16563
自由な	14879
何年も	16963
理想	6423
隙	6083
色を	16970
銅	11645
玄	9517
反撃	17792
従業員	13274
越え	6079
生	448
続けて	3765
確かめる	18533
名前を	11418
部屋	1928
待ち	2863
口	1187
帝国	18097
沸	13014
数を	13508
飲んで	6075
設立	17241
申し訳ありません	12444
必要がある	8828
近く	2551
守って	12021
一緒にいる	17946
学	790
積	2914
継続	12147
刷	16700
開発	4916
陥	10534
作った	5012
通過	12414
怒ってる	17290
食べたい	8025
生まれる	8795
気付いて	11686
力が	4743
多数	13799
怖	1911
生きてる	5649
亭	18593
下から	17259
卓	11047
届けて	14721
絶好調	18645
選ば	6960
人組	18256
芸	3545
入れた	7244
愛しい	8496
必死に	16389
獣	8467
穫	9565
踊って	17424
頑張ってる	17506
医者	10483
元気に	15600
単純	8617
投票	8197
出ない	16295
保安	10583
倍	3481
並べて	15881
言えない	4636
下り	9671
私たちに	17600
法	1190
探してる	16387
笑う	4393
哀しい	16750
治療	6329
続き	3704
時	459
平気	4846
真夏	12554
教室	8485
聞いてい	13945
復帰	12587
顔に	14201
男性が	7895
気は	10787
世界を	7559
塗り	9268
頭で	16313
薄い	15349
売れ	18764
録音	18023
行方	8575
屈	4487
岳	16984
過去の	17790
正解は	13568
妾	16666
入れ	2737
存在	3711
踊	2076
夏の	7820
的で	13360
想い	3311
解き	10298
待ってくれ	17329
相棒	13907
訪	2603
共に	4035
覧	2605
吐き	8537
目覚め	12918
今頃	14835
食べた	6928
出てい	13842
良く	5608
発見	4526
書き	5728
誤魔	15447
伺	5847
延長	12825
底	4031
動いて	10600
面を	13911
蓋	14867
報告書	15906
雇用	17420
変わらぬ	17374
用の	9548
知らない	2039
眠り	9996
精一杯	14207
簡単に	6023
問	1105
跳ね	15479
校	1396
万	1268
島	1413
星に	13144
芳	17875
負けない	8111
風邪	13151
逢う	15665
観光客	9359
牛乳	12830
追	1351
呂	5335
破壊	7206
心から	7868
計	1600
国内で	16731
認め	4947
陸上	11176
持ってる	8842
未満	17934
穴	5378
提案	11719
揺れて	16172
小鳥	17455
東京	1512
民主党	11310
父が	16026
沿岸	17862
贅沢	18565
維	6287
更	1870
牛	4597
記事	11696
本音	15823
殻	12257
町	1806
生き	1090
楽器	15969
強	813
発射	7550
枯	5842
今度こそ	15510
最高	1850
過ぎた	7997
有名	5330
忘れない	3811
样	8131
成り	14180
彷	10504
别	12456
首都	7534
方に	7587
手	456
舗	6808
教えて	2472
待って	1964
下で	13520
安全な	13949
気にしないで	10095
今	367
千	2109
明日の朝	17477
最後に	4726
眺	6570
湖	8021
高度	17494
併	13449
冊	15203
俺も	5232
動け	16319
混ぜ	7875
致します	15373
見つめる	16759
騒ぎ	7416
惜	8578
蜜	15197
給	3278
辿	7222
高め	15501
塗	5127
隠れ	10824
削除	18841
事前に	14578
温かい	13169
気持ち	1282
硬い	16510
服を着	12505
驚	3060
女優	12335
判決	13334
源	4560
抱きしめて	5619
流行	10385
聞け	9896
客	1773
何やって	16785
場面	9103
向いて	12269
近	910
娠	11244
重	998
窓	3622
何て	5541
秒	2644
信用	8166
視界	13530
生活	2648
気味	11998
一致	11503
柄	6223
会合	12871
荷物	11327
捕	2222
誰も	1967
急げ	10523
情報	2212
手に	2611
疑い	14991
暑	3352
見え	3479
抱きしめる	16553
此処	12261
自分は	9638
履	8526
天国	11782
結局	4415
穏やかな	16344
今日の	4680
厳	3048
発電	11205
人がいる	8182
持つ	11540
鍛	9544
相手は	9218
何があっても	17953
麗	3360
始めました	15190
場所は	8376
勇気が	17197
位置	4633
味噌	17429
僧	14633
寝	1926
心も	11438
止めて	5092
始まった	7856
目を	2307
企業	4028
見てください	11464
方へ	11398
昔から	9464
人数	18210
喰	13226
昔は	12404
次	1088
二つ	9820
喉	10884
参りましょう	17018
所に	6916
自分の	3302
潤	14943
表現	5223
替え	6263
出来た	11499
家	777
編集	12300
空間	9718
料理	2872
助	1521
数十	18790
遊び	4297
長い間	17483
苦い	14763
広がって	13018
線の	18442
奈	3405
議長	18743
損	5863
大丈夫だよ	9720
香港	15073
筒	15368
感を	13301
宜	17179
終わらせ	15777
位で	13677
閉じ	3267
運び	11953
関心	16251
必要ない	11445
明	627
子供の頃	12030
王子	8958
湯	5254
人や	15286
為に	13839
位は	9822
取り	1324
挨拶	9457
問題は	10809
止める	7026
翻	14387
時には	5575
風は	10551
夕食	11174
暖かい	13772
体	647
憧	6586
時代	2397
埋も	17710
宮	2412
戦	849
還	6351
小屋	16116
埋	4203
願いいたします	7871
見つけて	11198
代わり	7616
渡る	13994
紫	7462
沈	5153
現在の	18492
最近は	11772
酷な	14890
彼女を	9470
風	818
声で	7446
辱	14615
持っている	13828
警察は	5823
風を	10653
思いつ	10478
不是	11052
督	3882
長	723
墓	10044
勝手	7192
乗せ	17279
気になった	17431
度は	9410
改善	12183
香	1998
大人の	16053
遠く	2715
手に入れた	10572
先生に	13009
頭の	18658
言っていた	13503
傷つける	16526
符	10851
好きなの	15942
脂	8378
明日の	9622
芸能	9763
助けて	4376
出てきて	17741
護	2232
加減	8312
学校で	15370
姿が	17563
彼ら	2464
家族で	18329
気分は	18675
追いつ	8891
前回	6750
斗	5465
正当	18493
褒め	13777
開く	11196
県	1291
手に入れる	16002
一日	5627
未知	12094
任せて	7240
申し上げ	18630
描き	15311
答え	2659
古代	18868
珍	6078
戻	1183
市民	7247
背	2051
朝日	11560
幽霊	13400
夜	741
歌	1241
隠して	13090
中です	11992
上がる	4338
夜の	7679
後は	9061
車が	5438
赤	1755
訪れる	11546
数の	16142
関与	15317
国連	10419
当た	7133
膨	7827
締めて	17902
生まれた	4302
委員	4457
傷つけた	16505
助かった	13899
電車	6958
風に吹	14639
提供	8550
宴	17080
的に	1814
造	2917
大佐	18781
契約	7209
疲れ	4092
抜けて	7927
見れば	16923
計算	8540
回して	16079
誘う	13379
明るい	10383
複雑な	16129
映	1565
植	4970
裸	6450
慈	14601
教師	11002
引いて	11879
検証	17064
与え	11944
適切	10688
五	3326
支援	5170
相手が	11416
主に	11587
丞	7574
仕組み	10176
因	3018
全てを	9514
貸	4929
理由	2593
無事	5738
容赦	17357
部屋で	10731
可	1196
明日へ	10274
久しぶりに	13017
諸	6036
都市	7489
可能	1824
薙	17462
人たちが	10577
気配	18218
孝	14603
自分を	4860
斬	10993
音声	17542
原さん	11941
今は	1896
今夜も	10312
歌って	10654
言語	14461
連中	10625
出産	18182
消えない	8213
傷	1657
气	17679
数	1114
柴	18128
指定	12675
安心して	11349
方は	3818
公開	5349
答える	16074
溢	4009
画	1165
者から	17956
形	1664
薇	15863
戻す	10609
他人	8564
歩いた	10408
岡県	9632
何度	2163
泣いた	6763
事故	3070
花が	8879
検	2243
折	3850
壊して	14764
回す	15775
綺	3964
頑張って	5064
勝利	5323
統一	7547
街を	10766
刀	4272
残した	17823
廻	10184
中だ	16527
庁	3243
商売	16201
両親	5997
同じく	15720
聞きたい	7176
速く	13859
迷	1971
筋肉	10854
谷さん	16623
展示	11937
患	5790
規制	9241
惹	17504
栽培	18627
飾り	12627
森	2961
査	1563
共有	10795
不能	11676
胃	14156
着いた	9285
計画	4030
宿題	18394
観	1798
様の	9000
君がいる	16013
全身	10874
地に	7499
付ける	8461
賀	5891
続ける	3099
伏せ	18573
今夜は	5794
鷹	12220
空へ	14032
価格	5618
協	3019
電話で	14897
勃	18002
拳	10902
子供の	18244
軟	11677
幻想	14298
素晴	4565
働く	8140
正直	4737
謎	7385
無限	9160
銀河	11959
言い訳	8817
背負	8069
短い	9682
見られる	13111
時間後	17275
手がかり	16439
身近	13807
私も	1769
胸に	4648
修理	11074
遠ざ	11038
打った	14452
己	4344
闇	2927
下が	5897
算	3356
幅	5279
気づいた	8604
姫様	15869
煙	5777
心を	4949
乾杯	8294
何回	7478
温	1619
法律	9965
届	1516
大事なこと	18077
無敵	15363
免	6006
服	2237
火	1447
指先	11836
一年	17662
酸	4473
呼んだ	12084
聞きた	12545
士	1520
訴え	15468
交換	8142
項	10379
税	4665
退	2421
合ってる	11389
行きます	8208
掛かり	18620
鋼	17852
実	739
違って	10058
針	3498
掲	10776
僕も	4407
会は	12511
仕方ない	8184
雨の日	17074
来ました	8170
憧れ	9355
舟	10240
絶	1373
具体的な	15457
信じてた	18616
予想	2877
付く	12533
流星	18510
売	1608
総	2011
君	484
賛	6483
違うわ	16411
史	2652
抜け	3980
海道	4561
普通の	14033
平均	10300
愛想	18315
付け	2746
魔術	18844
怒り	14491
愛される	17210
乗る	13372
生活を	17052
真実	5377
予報	6324
飢	15284
抜く	11768
大勢	8917
大臣	3926
裕	5482
歩いてる	17230
用意	3688
隊長	14998
没有	11355
名前は	9387
効	2905
芽	7198
画像	10220
表	1006
起きて	7412
限	1543
動けない	18121
相談	4212
主は	18235
奴	2320
般	4689
副	6319
道	787
諦め	7551
海岸	12109
何人	12041
思ってる	8231
元に	17996
人を	2451
年前の	13766
好奇	18281
別れ	4437
夢を見	10445
夏休み	11153
接	2123
絡	2467
立派	7737
浮き	16659
我ら	15347
汚い	14982
夢も	13376
前へ	13478
空	814
性格	11538
溜	9934
利益	13465
涙は	11847
君も	5360
故	1976
昆	14434
別の	8053
分を	10427
忍び	15262
凄い	14762
見ない	17088
蘭	8613
海は	18691
殊	8388
悪い	2192
最年	16674
包み	11195
取る	6809
然	1077
魔女	12040
警備	9247
場所に	9372
負	1471
島の	18021
立って	9093
後輩	13489
速	1673
让	12213
何者	11843
候	3933
貴方	5150
起こった	14018
生き方	16851
愛に	12491
訓練	6657
運転	3485
感じで	4881
出	388
自分でも	14552
混	3194
例の	16816
頼んだ	16328
過ぎ	1884
略	5848
重な	7343
場所へ	13886
崩壊	13995
越える	12441
勝	921
只	7602
未来へ	9370
佳	9292
匂い	12743
貧	9530
酔	4422
億	3717
岡	2643
借り	6030
状況が	17029
殴	7870
切った	6782
乳	4570
放題	13459
広が	8688
感じてる	13231
隔離	18164
一郎	14769
眼	5305
苦しい	6290
乗	1200
弁	3028
墨	17936
僕の	3546
我的	12842
時代に	11725
本当だ	15812
刻み	15894
受け止め	14161
見つかり	8975
学ぶ	12332
健康	6905
遺産	13377
湿	7425
長期	12055
来た	1434
緊	3255
探	2122
朗	8365
慶	15226
歓迎	10916
遅刻	13551
丈	1153
今じゃ	18335
点に	13238
製造	13750
無事に	17752
不可能	9927
真実を	16516
椅子	12560
向か	12943
休み	4486
崇	15816
主人公	10687
声も	11664
探し	7226
対応	5505
者の	4056
当たり	3230
澤	6787
経	1415
涙の	18037
違和	16521
眩	5535
引	1081
心の奥	17010
電話を	9196
揺る	16549
警官	12318
悲しみ	4383
繋ぐ	12718
不幸	11280
失礼します	7630
航空	9831
写	6945
守り	8127
砂	2935
騙	9058
氏が	11343
減少	15008
命が	14616
戦争	4587
李	18086
母は	15356
害	1494
个	4642
目の前に	13880
起	1117
教団	14732
審査	12908
今日が	12898
年を	12172
飛行	4803
漫画	10448
辞	4827
夏	1569
現象	12096
木	1340
徹底	8921
明らかに	5379
横に	18054
大丈夫よ	9547
行きたい	7578
曜日	2526
寿	7774
世界中	8501
門	2449
咲き	9284
公	1610
雨が降	7619
暴行	17818
圏	9297
见	11594
手に入	4739
声明	17979
自分が	3522
銀行	7110
寝た	16195
原因	5769
告げ	13105
言われても	10563
設定	8347
帰った	13565
下の	13925
天気が	16005
飲む	6713
締め	8908
見える	3663
消費	10237
明確	14507
杏	11414
軒	9967
逢えた	18832
概	13417
預	6444
男性	2362
眠る	8333
鐘	9888
手遅れ	17777
今でも	6142
丸	3011
両方	9114
適	3529
君が	1579
蛇	13736
発生	3916
揺れ	12761
置く	13642
容疑者	4572
水道	18122
弦	14670
今夜	2274
吐息	18535
賭け	16831
予約	7913
釣	7097
年は	12579
说	5316
宝物	12897
込めて	8061
日を	6590
思わない	17459
鳴き	18345
輝く	4626
逃	1449
群	4644
跟	17126
伸	2344
言って	1525
官	1785
长	13617
画面	6226
担	3625
革	6073
態勢	17405
呼べ	13631
勝て	17340
通じ	14673
進んで	5587
住んで	18702
生み	14874
輪	4151
誓う	15787
吹雪	17272
还有	18272
部品	17998
首を	10492
祖父	14731
急いで	6708
波	2049
慰	12690
遺	2922
言おう	15251
言い	2273
市で	6820
評価	6056
行動	4055
進化	8472
逃げろ	16314
方向	5877
可能性がある	8702
室で	12487
白く	14136
装置	7830
外で	10494
戦は	13313
久	2315
侵入	8568
永	2317
熟	8057
蒸	7935
誰かに	6630
寮	12650
抱いて	8545
鬱	12618
盛り上が	12295
背伸び	16060
前提	16661
逆	2382
票	4969
語	1459
先が	17009
盟	7538
神奈	8523
簡単な	13963
小さい	5735
重ねて	10657
勝負	5013
行く	1150
就職	15062
了	1523
事は	3366
来	491
作れる	14099
度を	8663
変える	13241
報	1067
甘えて	18309
莉	8954
心臓	8383
議員	6260
較	9349
続けよう	18338
俺を	6970
永遠	3272
氏は	7637
述	4805
冷凍	11525
始めて	8345
本当	858
赦	12659
明日は	5082
繁	9228
茨	9714
指輪	13609
錆	14229
測	3695
聞いた	2853
演	1924
試験	7992
仰	7570
曜	2038
変え	9976
少し	1134
営	3109
出逢	7182
複	4535
激しい	6709
優	1208
徒	3676
桃	8283
電気	7211
一瞬で	16360
引退	12289
日本人	7776
吹	2283
行こう	2640
様は	6093
郊	14871
炉	15195
達が	8844
藤	2154
和歌	13944
済む	13573
出会った	8588
余計	7592
長官	14061
高齢	7924
奨	15905
大学生	16073
眼鏡	17553
今後	3110
吐いて	18222
連れてい	13724
漏	7917
粛	18443
見てて	12415
何処	5515
何かが	8418
戻ってきた	14125
啊	6520
批	8225
自分に	6318
気象	6604
失く	9787
時間も	11005
当	566
誰もいない	11529
日記	18042
考慮	16132
必	1041
余計な	16625
次元	11533
完全	4159
臨	5875
昨日も	18436
分から	5078
雨は	13074
例えば	2946
逃が	11620
稽	12883
側から	11795
誕生日	8011
膝	10273
痛い	5199
聞か	18278
陽	1817
虎	13340
外に出	13965
捨て	3152
比較的	16408
缶	10412
諦めた	17519
種を	15854
曇り	12838
祈る	14392
行けば	17129
慢	3384
敵	2108
受け止めて	15023
給料	14385
出す	1551
知県	11852
問い	16284
進出	8655
上で	5697
駅から	15044
崎さん	17220
当時の	17480
男と	12088
小さ	2506
競争	15004
宇宙	3511
妥	17237
始まりました	14336
溢れ	8486
涼	7395
胸の	12836
度で	11125
私を	2768
問題ない	10879
絞	8046
急	1364
没	4387
大好きな	7168
共同	10681
戚	17313
報酬	16378
过	6313
俺に	6824
燥	9919
無邪	12629
懸命	8050
過去	2572
巻き	4525
公演	16669
一切	9244
薬	2686
撃	1463
元気	2858
道が	13193
張って	10558
教えてよ	17951
会いに	9398
味	835
同じような	13918
上がれ	9329
結果	2483
明ける	15275
脳	3631
目を閉じ	7621
棟	13388
委	3642
呼ば	3387
猛	6646
二人で	5401
時代から	18257
警戒	4598
佑	16538
立派な	11878
把	8489
崩	3803
口が	15759
天下	14551
気をつけ	8296
去年	2953
前は	10738
業	996
今も	3148
気を付けて	15554
食欲	18010
悲	1962
初	884
无	11826
新	791
音に	17031
律	5004
社	1219
暮らす	11516
揺	2559
決める	11776
記者	7122
全ての	14778
男子	6189
被害者	9666
亡く	16541
独自	10922
香りが	9765
地で	12806
鹿	3660
込めた	14300
追いかけ	9901
地獄	8169
事に	8256
嗅	14655
丹	12229
光る	6118
記憶が	17800
紡	10403
思った	4067
飼	5945
体は	5527
待ってる	4592
本の	13914
体で	15394
電話	2326
魔法	3623
起こす	13760
隆	12537
輸送	17022
党	2432
裁	3080
方も	5816
頭が	8708
遠くまで	16771
体の	10725
世界へ	14089
省は	9140
交流	11246
寄り添	7536
皆が	17068
内に	5953
国家	8436
軽に	18024
龍	7221
世の中	8834
共和	13655
情	1072
席	2514
以上が	11203
妻	3681
合わせて	3671
秩	16146
召し	10660
何故か	17798
同士	6526
憶	2809
草	3347
始まって	17487
日曜	16417
評	3922
描く	11493
霧	7606
乙女	11004
編	4938
迎	2226
変わった	5308
常に	2217
金が	9782
歌え	18102
対策	3402
上位	15204
射	2714
逮捕されました	10537
嬉しいです	14563
行き	3517
充電	18500
以外	3320
行こうぜ	16880
仕事は	12020
言えなかった	17201
最後の	4725
柱	11034
片	2789
出して	1840
償	7060
抜	1660
実際	2990
生徒	4498
中毒	17877
星を	15693
意	756
授	4072
街	1384
恋に	9880
照	2332
込み	2378
決まり	10958
切	774
楽しかった	7200
親子	10615
目で	5141
活動	3822
女に	15911
力を	2758
通りに	10453
却	7951
忘れられない	10018
目も	16059
音は	14015
様と	16339
存	2106
予選	8749
水は	16422
食い	8352
憂	10813
男の	12580
人気	3689
感覚	6632
誘	2933
住民	5785
反	1680
誰かを	9835
火災	13171
差	1935
長年	12753
太	1436
科学	6251
分間	13696
輝いた	15834
逮捕	3100
狭い	12399
話は	5934
现在	14540
乗り越え	13451
見	364
戻れ	18472
厚	4257
接触	11321
富士	7548
侵攻	6580
年も	7572
詞	6441
検査	5403
私たち	1674
再び	4994
申し訳ない	11585
充実	16952
強く	2722
沢山	12235
現在	2389
閉ざ	12791
守備	15462
先ほど	3291
本格的な	18765
伝えたい	6069
占め	15461
閉鎖	15613
遠い	4043
人生	2531
迫	3501
恐ろ	11806
通りの	18135
部隊	8740
捕ま	13860
関係が	18839
農家	16893
祈	4047
込んだ	3895
財布	15520
発表	2571
最終的に	17581
青春	6829
去った	10806
貴重な	11688
夏に	18299
互い	15253
出場	6307
頼むよ	15031
婚	2175
対立	18816
残ってる	15754
大事な	3962
元気で	13778
医療	5549
嘘つき	18336
右	2532
好きだ	13870
寂しい	6938
共演	17860
収入	16654
気づく	15538
緩	6559
友人	13214
事だ	12516
約束した	14832
下手	11387
勇敢	17825
見てみ	15713
記録	3158
朝鮮	4854
何かあった	12326
辛	3707
誰か	1714
私から	12012
疲れて	13546
帰り	5016
上に	5413
停電	14355
进	15220
爵	17236
言える	6044
進路	17618
賃	7988
経験	3452
匠	7469
輸入	15397
備	1554
歳	1514
話を聞いて	13011
宣言	7404
帰る	4686
働いて	13623
券	9589
夜は	5721
壁に	17274
物館	15806
側に	5950
圭	12713
徴	4662
駆け	3493
態度	16574
波が	12563
物を	4013
陰	5431
度が	7391
掃除	8022
吐	4091
卒	5645
垣	12023
私にも	13333
党は	17019
得意	6624
出る	5667
倒れ	16304
一発	11488
時間に	8129
地元の	16779
死んじゃ	15895
大幅	16180
細な	15719
敬	6980
待っていた	12632
増やす	17120
修行	16664
続けてきた	17408
聖	4340
選べ	18239
奉	10261
霞	13456
決まって	15647
力で	5669
訓	5463
撤	10099
打ち上げ	14808
他の人	15829
使える	8814
男の子	7308
臨時	15752
齢	4405
公平	16133
降りて	10917
鋭い	18059
言を	14751
着	983
義務	11014
一体何	17323
兵器	9129
譲	7524
殺された	12266
為	3596
会えた	11809
飛ば	3985
勇気	5866
目覚めた	17475
憂鬱	18495
言われて	6591
駐車	10472
祝福	14648
操	5135
人々	5088
確認	2105
疲れた	8055
要らない	9757
死ぬ	3820
取れ	15171
呀	17678
堅	12105
我々	2621
役に立	17505
済み	13273
投	2004
時も	5421
真っ赤	10528
仕掛	13112
信	851
代わ	5387
可能性	2520
紅葉	17899
変化	4404
空気	6805
巨	5560
中身	12768
指	1136
好きだから	14664
飽	6968
聞き	4684
野球	5759
常識	13216
男を	16248
最多	9566
言葉に	8434
金を	4830
時間がない	14864
隣で	14377
降り注ぐ	18822
落ちた	7754
明かり	10465
積も	12008
寿司	14000
態	1601
怪物	18374
付近	6816
出会い	11644
外	848
衛	3150
続く	2821
細かい	11575
那	2684
跡	2406
不思議	3979
倒す	17393
所を	14931
時に	2082
散	2282
大な	4653
暴走	16306
年前に	8214
営業	9473
遇	9271
買い物	9185
嘩	11342
僕を	4790
出せば	15936
仲間	3058
何にも	10520
親戚	17750
台湾	8415
怯	9539
眞	15058
叩	6383
合って	4038
照らし	15287
米国	17215
人間は	13554
経済	3957
挫	16588
偵	10699
吹き	5206
信じたい	18662
分野	15042
打た	9060
言われたら	16175
女は	8406
惑星	14408
現れる	13928
背中に	17958
否定	7848
貸し	17806
星の	16685
巣	12463
今さら	12320
激しく	7897
悔しい	11241
可能性があります	12107
恋愛	9477
日の	4516
十	1979
素敵	4017
制裁	14417
上手	3994
明日に	15924
響く	6482
銘	17387
神様	6977
戦に	14428
心配	2185
机	8726
哀れ	18430
便利	10251
前に	1504
忘	1228
教会	6376
露	4781
釈	8630
更に	3051
鏡	4551
一回	5930
繋がる	14166
散ら	13849
人生は	11122
楽しみ	3239
先生が	10001
取って	5556
災	3162
歩いてい	13950
合	543
来てる	11849
戦闘	8753
止まる	8559
人形	10101
滑	6490
目を閉じて	13659
奈良	14220
相手の	16462
超え	12479
一歩	4954
表示	8654
幻	5422
設け	18187
押	2811
糧	18465
語る	12442
機械	10041
公園	6080
歌うよ	17211
何回も	14624
错	17266
国が	10014
光	1203
六	5348
怖かった	14056
散り	15307
真っ白	10503
色が	11107
隊員	14542
土曜日	10331
化学	14343
股	13199
忘れないで	8628
吹く	12429
少なく	6109
了解	6050
一人	1810
次第に	17056
収集	17122
噂	7564
家で	8973
制作	12002
焼く	18422
刃	9406
食べられる	11444
特別な	6891
景	2159
掘り	18804
誤解	9943
隔	9094
影響	3928
短	3730
逃げる	8788
積み	7647
人だ	7676
髪を	13284
歓	6783
尽く	5343
怪我	11596
縮	6443
这样	13826
民間	11434
深刻な	18167
尋	7974
光栄	14420
猿	10308
撃ち	13159
抱きし	3207
自体が	15767
当たり前	5964
改めて	6165
風に	3476
事がある	17149
今日	737
亮	17442
曲が	13658
労	3211
進	1084
見逃	11758
准	16260
彼女	1320
攻撃	4292
井さん	11478
漢	10830
姿を	12520
緑	5819
素直	4605
教育	7581
注	1634
僕らが	13439
待ってて	10438
大人	2777
後ろ	4103
駆	2841
進め	3393
賛成	11298
一度も	14040
決勝	4622
们	3460
板	4392
相手	2227
川さん	9654
版	7161
別	1054
実施	9925
溢れる	10092
人は	1484
念	1923
終了	6668
前進	14685
書記	15862
将	3014
渡す	15301
始める	6686
夢	804
現状	9735
黄	4041
対象	7149
調味料	15723
外国	6300
一斉	17522
少しだけ	7294
僕らは	4541
癖	8660
連邦	12253
送	1368
内	942
理	688
可愛い	5442
伝わる	11399
育て	5266
満足	7407
段階	9250
胸を	7232
者で	12435
銀	2750
年齢	9252
傷つ	14765
典	7972
付き合って	15164
留	3655
待て	4314
舐	9287
痺	17523
田舎	13392
婚約	16637
病院に	16243
何	397
司法	18215
望	1456
俺が	3117
夜空に	16426
逆転	8698
欲しかった	12162
様子が	13577
術	1988
仮に	16065
刺す	16800
褒美	14243
簡単	2944
屑	18413
方法は	17635
合図	14649
青い	4879
叶	3205
含ま	13203
明け	4298
輸	6558
感染者	12591
著	11475
心と	17213
乱れ	18047
第一	7876
騎	8341
言ってくれ	18449
調査	3406
反射	17651
掘	8439
情報を	9013
地の	18489
枕	13498
応援	4986
引っか	16725
隣に	11734
獲得	5914
足り	3408
来ない	7143
丁寧	10149
目的	4528
夢の	8927
彼を	7251
気づ	2525
明らか	9861
相当	6215
女性	2339
江	3683
青空	8715
支配	11784
亀	10265
現地	7720
止まらない	5521
両手を	16126
達成	8387
着く	9907
今年も	12962
重なる	12832
勘弁	15345
支持	11966
年前	3331
剥が	18138
二度と	4733
合流	17853
宇	2916
勢い	14798
均	6793
一体	3114
子ども	3462
小学校	9484
喧	10601
知らせ	9300
始ま	17304
僕等	14234
長が	8047
持って	3385
組んで	11288
決	994
地は	13485
強引	15690
北京	10984
降る	4613
体調	8235
邪魔	3654
発言	8800
外国人	12050
関係ない	6974
潔	13548
立ち	1907
楽し	2278
電力	10227
演出	17032
我々は	6106
等	2699
何もかも	6881
店を	15324
務大臣	15662
明日	1195
君のこと	11580
合う	2255
進めて	16333
何だ	3269
付き合	9187
式	2135
島県	8985
止	927
込ま	3938
抜ける	8840
気をつ	4395
保険	7543
犯行	10032
関	865
生まれ	3780
設置	6748
目標	6087
手配	16178
学習	16259
溢れて	15954
真面目	12089
本当ですか	17564
磁	15379
北海道	5002
風の	12975
喜び	5760
賊	13322
二人とも	9860
答えた	15687
炭素	14329
问	13656
自身が	14523
种	10211
年生	5522
規則	14584
出せる	11740
育てて	18462
鳴らす	16790
起こ	2219
最初から	8464
雨の	6588
二人の	7969
者を	5845
合える	10567
屋敷	14332
抵抗	11887
繰り返す	7633
参	1970
二人を	17847
主役	12556
世界が	7361
儚い	14909
到着	6232
年が	14092
当初	11276
逮捕された	7837
成功	4384
長野	10812
深く	5682
喋	10985
軌	12973
喫	11019
随分	9834
求める	13247
遊んで	12140
秒で	15983
追いかける	12788
理論	18426
籠	13528
今が	11780
見上げて	18747
笑顔が	15012
吉	3798
特別に	16577
行った	4819
診療	16672
良い	2629
詩	6885
規	2780
先生	1704
選手が	4776
供給	11362
状態で	10384
舞台	5727
彼らは	4697
風が吹く	16954
不会	16216
年間	4046
何して	17817
周りに	18160
酒を	12729
去	1206
非常	6602
愛情	10336
終わりました	18141
立つ	3595
日まで	7433
認めた	15519
意味がない	16486
掻き	18664
決断	13827
有利	18159
前向き	18211
拡大	6437
脇	10091
利	1527
関係を	16681
紅	4942
想いが	14748
素直な	16095
帯	2638
際	1567
保育	9969
隙間	8961
生きてきた	15818
以外の	18612
褒めて	14481
維持	8793
増えた	14311
僕と	10039
教えてください	17451
替	3093
切って	5365
予定	3229
引っ越	15188
妙に	17604
色んな	8691
彼らの	18456
妖	9833
母が	15432
廃	6795
買	1675
弥	9936
特別	3694
繰り返	3242
裁判所	18613
暇	6010
人と	3669
作家	13678
俺達	12607
頼	1583
彼女と	16271
昭	7438
偉	6584
昨日の	12920
奴ら	12557
自由に	8223
戻れない	8807
行政	15484
笠	13532
渡	2475
株	5405
沢	3659
目は	5068
感	580
壊れ	10762
本当に	1222
誰	696
貸して	16835
冷たい	5334
俺の	4461
話し	4420
任せ	5984
愛された	15978
十分	3630
大した	13109
西部	17040
進める	9746
無茶	16978
創	5036
強調	13599
姿勢	8570
度から	15157
躇	18481
祭り	8234
主要	15290
解説	9376
兎	17370
胸が	7046
農	5048
枝	7164
知った	8203
消防	7796
雪の	14404
作品	3921
上から	9799
補給	17821
今すぐ	5198
開	834
以上の	10400
千代	15794
談	2088
揚げ	7290
夢で	13269
慎	7460
渋谷	9536
困る	10200
苦	1666
勝ち	4281
捜索	9595
貯	12894
唄	6865
練	2268
向	885
上がりました	15476
带	18663
居場所	18349
投げ	5896
凪	12428
去る	12141
疎	18461
兼	11923
調整	6779
夢見	18525
他に	6190
振る	13450
貞	16287
奪い	16179
抱きしめたい	15888
鎮	13611
空は	10433
知らず	9443
変えて	10222
解決	4931
装	2492
隠	1889
呼吸	5879
序	9553
家の	8039
作る	6690
浮かぶ	12225
吠	14953
現れた	9439
広い	5854
好きな	2468
連れ	5493
震	2471
蹴	6543
地域	3929
世	677
越	1607
何と	6059
旦	6601
炒	9358
今宵	10560
秘密	3636
逃走	12081
馬鹿	5476
睡	8862
憲	8913
討	4841
塔	10069
言いました	11741
知っていた	15255
一本	10720
熱い	4840
佐	2915
見上げた	13283
途	2741
初め	9623
必要	1303
建	2808
第二	15410
思わず	12179
走れ	9269
見つかって	17278
視線	8065
週	1503
気が	1522
彼も	15751
離れてい	15807
込まれて	18271
不良	14521
時間	940
不正	10743
能	1046
戦で	10982
次は	4294
離婚	10955
寄り	4930
話す	4647
化粧	12763
検索	14237
童	7092
笑顔	2430
番	898
当たって	12851
父は	13292
話を	2025
格	1906
村	1909
夫	962
解除	11193
届いた	11400
始めた	4213
朝	1119
背景	11404
締	4308
急に	4784
未来	1553
漬け	15409
運命	3271
口から	17609
敗	2554
今夜の	18091
要請	9841
伝える	6784
恋	1234
弁護	6375
使えない	18692
戻った	13773
季節は	18516
美人	18735
何で	3698
乙	8916
土産	12327
列	3329
集め	8102
州の	17514
結構	2183
白	1172
大体	5856
気をつけて	7689
働	2225
触って	18306
指名	13639
引き	1663
見守	15337
社会	3712
言われると	17840
刺激	8042
運ば	12086
虫	4820
会社が	15511
場を	12569
生ま	1835
正常	17186
健	3708
気になります	17981
地方	4315
色	1000
分かりません	12091
砕	8432
細かく	15083
壁	4154
熊	6330
木が	17344
場が	16774
宿	3591
濡れた	15014
登録	7962
赤く	13093
詐欺	8147
東部	10843
儀	6185
暮らし	7282
肪	13564
下がって	10793
受賞	17871
真似	12813
閣	6241
企業が	18294
種	1901
兄	1496
舞い	5486
肉を	13779
矛	15150
山	1031
展	3341
池	5318
夢の中	11471
動かない	14733
療	2588
待た	5889
言ってる	3618
勢	2110
教えてくれる	16753
男女	9422
何となく	14208
豪	5594
記憶	3001
斜	9393
昨日	1780
出しました	13758
強化	11066
広く	10479
見つからない	12530
間違いない	9543
少ない	6898
子供たち	13504
痛み	5580
否	4235
雪が	6041
好	702
抗議	16297
頻	14127
鮮やかに	17797
始末	17842
世界は	6549
休んで	14378
汰	13808
湧	10399
迫る	17641
改	2986
工	2298
験	1804
手間	14519
花火	7363
洗い	13540
他の	4619
継ぎ	14046
郷	4989
沿	6641
傷ついた	13583
隅	7258
動くな	15703
泉	4915
香澄	18768
焼き	3499
核	6161
庫	4295
峰	11447
発表しました	6567
貢	11687
帰らない	17626
品を	16493
彼らが	11192
話して	7661
気まぐれ	14869
告げる	15398
也	3369
君から	18033
修正	12719
員が	7012
勝つ	8583
財産	18761
向き	5008
勤	5657
挟	12688
何ですか	11382
城	2759
飲	1508
顔も	14638
上は	15899
人よ	11432
変わり	5393
正直に	12736
興味	4306
晴れ	5172
徳	5921
通信	6955
褪	11422
切ない	10719
教えてくれた	10585
以内	17526
旬	7156
連れて	3407
大型	12146
視聴	7704
起訴	11415
先端	16083
皆さんが	16792
涙で	16362
臆	10122
初期	16705
受けて	9175
救い	18193
事情	7552
守りたい	12394
今日は	1498
病院	4063
施設	4617
聞こえ	11792
人目	12938
平和	6359
班	10980
疾	12985
仕上げ	13701
何度でも	8041
送る	11489
繰	2819
導入	11884
聞かれた	18190
空気が	11029
喝	18401
資料	10451
中で	2275
恋する	17578
抱	1763
許さない	13237
絡み	15731
熱	1468
授業	7908
嵐	7205
温泉	9379
達は	7451
修	3266
雨が降る	11649
意味で	18794
配	1307
行くよ	8146
永久	13883
先に	3866
褒	5574
急ぎ	15094
疫	10476
零	11353
願いは	15781
救急	9942
三角	14805
耳を	10223
防	1768
第三	16859
気付いた	10027
認	1274
死ぬまで	15515
稿	6309
幸	1505
父さん	7835
回	609
邸	12466
光景	15580
狼	13890
警告	12006
免許	15146
一番	1665
倉	4991
審	5186
小さな	3208
塁	4370
微笑み	16425
瞬	2409
響け	18295
今朝	5742
日々は	15196
大変な	10989
彼女が	6283
不过	16127
商業	17233
津	4484
本来	7757
煌	10677
本部	9380
皆様	13351
将来	7571
伏	6635
仮	4870
貨	8608
刻んで	16241
道具	10446
位に	11739
一塁	14814
言い方	12186
髪	3046
逢	2453
気になって	10305
以下	8947
私のお	12267
残る	7347
参考	10739
回答	14549
世界	859
取	726
広告	15261
聴こ	9827
駒	12708
事業	7154
自	516
杯	3537
砂糖	11049
期限	11568
賞	3375
辿り着	18153
間もなく	15857
数字	9408
数学	17637
反発	16400
道は	7891
待っている	7054
食堂	14016
郵便	14947
機は	17162
制御	12697
求	2499
雰囲	6477
外は	18266
昔	2560
想	971
玄関	14524
夢は	6607
今のところ	12283
经	10803
鮮やかな	13255
宗教	11136
伝えた	10124
転が	15756
柔らか	17039
本当は	4756
上げる	4967
基本的には	18403
似て	16405
模	3538
絵	2851
細胞	10387
探して	13279
目の	4280
観光	4749
気がします	12821
棄	7672
楽しみにして	16940
忘れた	5231
璃	10751
紙	2868
奇	3101
現金	11597
我	979
甘	1934
扇	16463
世界で	6412
旅行	5052
月は	12196
最初	2041
女性は	12360
様な	10944
困った	11242
選ばれた	13628
人でした	18298
語り	8135
涙を	11501
返り	17895
国民	5154
奥	2901
仲良	10283
敢	11901
得点	8513
任	1542
家庭	6673
光と	18853
共	1815
早めに	16945
雲	2062
領	2075
晴れて	12909
表面	18596
直す	9915
你的	15819
幼	4973
隣	3120
空港	7312
心の	6868
判	1856
男に	13792
近くに	8676
択	4783
透明	8161
現在も	16276
持ち	950
信じられない	8744
組織	5731
帽子	12570
芝	7858
幸せを	16135
議会	8267
坊	5849
金曜日	9571
大使	11660
泳	4704
諦める	15527
愚	7338
火事	16039
債	16599
園	1809
夜も	9291
表情	6046
炎	4608
追い	3590
載	4511
焼	1838
詰め	6396
懸念	11341
代表	3068
得	1323
出された	10866
時間が	5246
所	730
前後	12437
海上	12205
競	4433
裂	4990
港	3464
願いが	16899
戻って	5681
行かないで	13789
好きです	14577
幸せ	1963
車は	9366
模様	10831
壇	14287
目が覚	12298
左	2678
当日	17507
政	1574
気付かない	17205
眩しい	10474
輝	1995
替える	14963
無視	8769
送り	7141
残	1285
止まれ	14831
洗	3400
告白	10294
動画	5184
事件	2172
達に	17756
怖が	12275
行けない	13688
満た	7923
已	10842
的话	18624
薄	4423
手紙	6702
詳しく	6813
跳	6021
災害	5978
以上に	6887
政権	6701
目に	4116
不	722
開催	6125
販	4501
経営	7400
感じます	17959
敷	6100
合わせ	3082
位	1362
五郎	14912
声が	4822
鳴る	8301
消せない	18766
的にも	14503
買う	10396
似合う	11273
迷い	7137
大きな	2026
寄	1812
礼	2188
苦手	7781
委員会	6205
意地	8574
現役	13718
似てる	10216
鳴	2119
本番	9795
愛が	8342
昧	9324
悪かった	9655
道に	9774
目を覚	11695
店の	16657
積極的に	16230
半端	14317
警察署	17260
仕事	1490
恐	2503
盗	2897
航	4620
愉	15655
印	3992
理が	14677
見えない	3679
鉛	18817
自覚	15586
辺り	16653
頑張ります	15045
強が	18528
珍しい	7916
剤	5853
母	1435
金額	13219
文	1618
申し	3419
鳴らせ	17868
撲	8311
搬	13208
不動産	13026
高速道路	16983
死	1043
料金	17816
希	2441
宣	5425
仲	1891
業界	11589
话	10966
戯	11754
飛行機	7394
晴	1895
市	1048
直し	11593
殺害	9646
腸	13525
落とす	12039
何より	10498
海で	16156
手放	13991
乗客	11639
感じた	8230
俺たち	6565
後に	4325
控え	17985
羅	7907
人	339
豊かな	12837
大きさ	12532
静寂	18284
僕が	2859
碧	15135
知らずに	13864
明日が	14073
生きて	3236
贈り	18032
国内	6621
別れた	11517
一刀	8470
彫	14328
側は	7792
鼻	5926
凛	17560
月が	10035
暴	3304
後悔	5204
大丈夫	1197
付けて	6209
調	1064
系	4018
酷	6531
勝手に	5974
側の	11928
基地	10596
鑑定	15923
人でも	18087
力な	14009
集団	9254
嫌だ	16044
密	2390
順	3744
今の	2993
予防	12613
聞こえる	5843
灼	18356
治	1912
帰り道	16566
控	9556
子さん	5282
愛する	6192
添	5072
僕は	1472
天使	6509
時間の	12670
来て	1925
送って	17882
批判	9130
策	2092
火山	18001
叫んで	16003
評判	14205
荒れ	17007
負担	10259
我が	5338
都	1371
尽	3555
社員	11672
執	7421
折り	13686
関係者	5988
盛り	3776
邪	2682
地球	4141
時点で	11858
冷静	10059
信じた	13416
部	616
口で	13448
知ってた	10505
太平洋	8164
色に	12793
除	2577
日	347
努	5797
句	5654
回し	15426
見通し	8762
会え	14597
承知	10545
家に	4575
神	1231
試合で	18319
種類	5390
慌	10595
逮	3098
大阪	4339
見つける	14348
酸素	13198
者	568
殺し	10256
白い	2589
互いに	14308
借	4471
者に	5441
唇	8306
質	2116
者だ	9431
可以	12640
中止	10741
世間	10263
脂肪	14997
妙な	8665
逝	18714
不安定	8709
変	634
路	1823
代理	13402
曇	7806
彼は	1828
好きだった	11755
柳	9808
構わない	9003
央	5355
耐	5194
愛している	12284
一言	10972
年代	9039
会いたくて	17418
何百	17769
真夜	11039
扱う	17309
言ってた	4451
長に	12136
向かった	14580
運転手	16747
井	2094
管	3228
不器用	11127
資金	14316
手の	6368
血が	13923
本当の	8723
国を	15250
唯一	6819
電子	10514
星が	9034
陛下	10057
山さん	11324
上	452
全	586
老	4268
深い	4755
雰	6475
以外は	16040
看護	13919
鉢	14699
流した	16881
明日から	13368
顧	11087
毎日が	15065
追う	17331
乾燥	10923
呼び	3055
唐	13580
掛け	5835
聞こえて	9198
残念	4431
能性	6659
間で	10839
再	1892
伸ば	3972
好調	12988
音を	7956
承	5362
屋さん	8356
地面	17874
多い	2263
伊	3823
信頼	7285
謝罪	12467
泡	8946
一応	7085
衣装	8245
一度	1795
行くぞ	7382
傘	6048
豆腐	13466
人に	2573
之	4363
应	12357
止め	2570
示	1842
这么	14618
歌う	4821
年で	10404
走り	4087
皆	1448
夕	2329
警報	9449
一体どんな	18369
周囲	11994
大げ	16420
伴	6407
点は	11528
無く	8994
量が	12549
確実	15450
燃料	12290
界	762
一気に	7464
深	1873
最後は	7307
見せ	4438
指を	13242
味は	14596
個性	15391
一瞬	5741
妊娠	11670
拡	14068
郵	13378
小麦	14725
戻らない	11859
独	2031
突っ	8123
通報	6869
銃撃	18186
糸	6671
心配ない	16702
现	9237
今日を	15985
不動	11194
漬	11957
極めて	14591
飛んだ	18866
最	569
恒	15210
化け	15376
物が	4634
質問	4403
冷たく	17642
家族	2359
迎える	9248
忙	4408
届かない	7098
気持ちで	11215
女と	18296
困難	9762
喜んで	8114
消えた	6925
臣	3390
性は	14755
肌	4599
原	1526
日曜日	9201
屋	1158
角	3190
誰と	14840
硬	6759
頃から	12374
巨大な	11791
抗	4007
藍	12240
入	551
落ち込んで	18679
過ごした	9488
町の	14435
押さえ	16677
見る	3808
日本で	9296
遊ぶ	11363
羊	12667
側	1506
好きになって	16864
殖	11542
船が	13259
赤ちゃん	10956
恥ずか	13227
文化	6380
本	449
餌	11763
定期	14667
秘書	16554
言わ	1330
匂	11862
完璧	6072
下に	7855
点で	5304
刚	16969
体が	3497
当たった	17997
快適	17131
空っぽ	14509
壊	2029
継ぐ	17490
精神	7197
今年の	12344
見せて	5021
変動	15640
近づく	11070
設	1731
子を	12820
御	3103
入れる	4863
怪しい	11988
栄	4263
利用	4059
豊	4683
刻む	13373
羽	2966
願	935
是非	9759
実現	8174
終わりに	14282
会議	4372
生地	15503
観測	6536
端	3716
様子	6138
呆	13774
妨害	17203
据	13889
飾	4241
而	10816
林	4285
育てる	16604
花を	10370
烈な	10364
空に	4888
旧	6016
行こうか	17030
腰	5281
楽しみに	12588
直接	5578
喚	15868
雪	1721
悔	3044
合い	3112
数え	11813
器	1972
堀	10517
主演	14557
個	2238
祭	3477
成長	5591
或	18836
求めて	12386
全員が	13483
抵	9043
飛べ	10413
踏み出す	17949
先日	14692
隠す	10760
強がり	18362
込める	16398
疑問	10610
十分な	16589
音楽	3340
一緒に	1312
仕事を	7906
光が	9736
誉	8925
回も	14421
制服	14309
才	3819
暮れ	8681
越し	6625
交わした	17908
弱	2658
話題	5838
梅	5631
極	3213
者です	16364
身体が	16756
見事	5455
決めた	5956
自分も	12974
使って	10229
整理	15684
桐	12930
懸	5066
反省	12106
係	1499
見つかりました	15119
居て	14825
俳優	8168
及	4453
明日も	6532
秋	2913
方が	2487
还是	15779
縛	8117
調子	5303
描	3006
平	1300
試合は	15348
肺	13297
曹	13391
行う	15791
投稿	11509
濃厚	12732
並	2356
初めての	10977
言葉が	8327
昇る	15413
器用	8991
胸	1515
妹	4040
最後まで	6177
品	1346
田	956
倒	2117
読んで	9070
暴力	12446
軸	14416
生物	10786
浪	11179
人口	11377
教える	15487
市は	12978
水に	18283
全て	1908
目が	3793
善	4425
訳	2664
向け	7745
生きてゆく	18380
汽	15302
解き放	13027
際に	10500
知ってる	2660
見ていた	15435
発信	12317
施	3234
前の	4843
麦	8002
争	2458
興	2717
曖昧な	16609
一夜	17698
考えて	2523
住む	11990
樹	5143
木曜日	14372
可愛	3670
錯	13982
平線	15709
理解	3840
祐	13764
本物	6399
章	7575
食べ	1128
衝撃	8441
厚い	17912
蓮	7853
栗	10574
咲かせ	16943
妄想	10056
日間	6618
合わせた	10488
目と	13608
特定	9895
勝てる	16245
気に	2174
性が	10084
光を	11565
誓った	14588
亡	2241
訪問	9997
蒼	8772
朝は	13233
階段	8195
入れて	3978
手が	4244
歩き出す	17773
投資	10856
詰めて	18668
哀	5099
車の	9246
価値	5037
緒	1024
更新	16223
笑った	9946
囚	12604
夢が	8273
狂	4499
増	1630
滅	4773
悠	8530
大雨	7126
手のひら	12698
誰でも	8940
薦	15412
香り	6316
度の	10121
好き	837
冗談	5167
答	1787
它	13121
書類	12154
国の	7218
適当	11817
如	6074
複雑	8873
今では	11060
申し訳	5433
事が	3520
向かって	12123
琴	12306
肉	2091
味方	10907
誘惑	14487
拍	7890
行われた	12721
参加	3397
干し	13704
雫	12046
頃に	14753
鑑	9106
鳥	2823
礎	15201
集中	5696
製品	12498
球	1645
私には	6057
爆破	17677
師	2306
思いっきり	16427
棒	5648
世代	5774
内で	4757
揮	4251
船	2137
嬉しい	3461
大切	2256
剰	18267
片付け	16895
市内	9278
説得	11397
連続	3930
歩道	16107
商	3065
旋	10747
複数	7397
財	4999
出席	18644
国防	11300
保護	6122
判断	5298
遣い	15615
植物	9665
付けた	10277
美容	15320
听	12808
自ら	7485
集めた	13164
叔	14115
意気	12722
下	693
中学生	13970
回転	7257
朱	13470
言葉で	10106
歳で	10690
知道	12567
黄色い	15050
頑張	1921
勘違い	10869
的な	1475
頂	2497
兄貴	15038
苗	16189
人として	14806
天皇	13000
悪	1093
刺	3131
書く	17923
土地	10141
聞かせ	16228
考え方	14527
時間を	5786
魅了	18227
中心	9885
再開	8130
驚く	11336
機関	5830
謀	9768
暗い	7035
誤	4705
泥棒	15074
目指す	10441
剥	9115
静かに	5886
久しぶり	7368
突然	4128
真ん中	13034
倫	14637
直して	17150
開けて	9025
救助	12129
飼育	15385
徨	10607
関西	14668
知って	7042
許	2000
誇る	11924
抜き	9619
出し	2940
婆	16213
火は	18015
雨に	9057
待	765
素直に	9706
行為	5839
下ろ	9230
鈴	5122
遺伝	12662
具	2844
私たちも	14650
一つ	1876
溶け	9688
考えてた	18741
太平	7942
人間	2292
美	1272
旅の	17965
毎回	11981
例え	13916
嬉しかった	15771
母さん	7964
大阪府	17968
塩	5009
瑞	12481
見失	16742
検討	9516
話せる	15172
追い越	15704
物は	5236
高	654
頃は	16537
憎	7800
院	1777
型	2143
根	2450
鉄道	9606
痛む	15236
苦し	6984
認めて	14550
息	1723
離	1205
会おう	13289
寺	4849
感じが	6754
議論	7803
構成	17099
美咲	14360
浴	10054
高校	3383
気持ちは	8315
这个	13038
微笑む	14797
時が	6455
切れた	13832
斎	15268
偉い	17957
可能な	15548
訪れた	11669
水分	14607
点	1070
驚いた	8739
構いません	17305
太鼓	18423
飼い	13123
動物	5975
生命	6859
成果	18034
巡る	12601
逃げて	10006
現場で	17174
追いかけて	7632
簡	2834
同じように	13838
伝	944
近い	5035
出来る	5748
息を	6755
気付く	17013
所属	10024
金で	17140
書いた	11308
避難	4465
漁	7030
戸	2720
筋	3893
断	1669
行って	2878
人類	9208
火が	12573
谷	1900
方法を	18559
葬	7231
年後	7782
神経	9490
俺	707
顔は	14342
聞こえない	11578
撮影	4868
申	2490
次第	5771
滞	7268
巴	14816
地震	6664
携帯電話	18680
目的は	14362
可能性もある	14901
響き	10721
面に	8453
火を	11271
尾	4489
動か	6149
説明	2952
戻ってくる	14846
毒	5677
今まで	3475
児童	12097
揺れる	6874
慣れて	14406
月から	7829
言ってるの	17694
病気	7546
会で	9871
国に	15637
団体	8466
時計	5722
紛	9080
既に	9235
恥ず	3515
署	6227
的	591
卵	5341
熱中	9163
件は	14425
忘れる	7194
仕事が	14752
放課	14124
納	4191
本格	9753
流れる	6811
見た目	12010
歴史	5287
訊	17355
考えると	10628
込む	3172
披露	12984
嗚呼	9960
欧	10097
勝った	11216
泊	5162
喧嘩	11819
恩	9898
非	1732
泳いで	15282
是	1749
権	2258
事で	6551
闘	3559
未だ	12319
滝	13929
伯	13155
召	7370
週末	7151
過ご	2958
体操	11091
機会	7638
就	2887
避ける	16272
庭	3879
国で	18540
大量	7291
識	2166
体験	5373
越えて	4678
良かった	4157
放射	16552
服を	15514
集める	17470
声を	5147
人質	14363
呼んでる	17303
学院	11023
知ってます	18819
最も	4082
体制	8610
条約	16763
渡し	18322
京	1237
釣り	11856
淡い	14384
勧め	18704
見てい	4823
超	1834
斉	10948
基	2696
分析	8233
返	1178
延	4424
紗	10891
若干	18597
代の	7976
高く	4858
石油	18396
合わ	1576
度と	3911
正式	11951
兵士	10949
星空	17888
発表した	18552
輝いて	11461
気がする	5423
腫	14582
成	1139
正確	10087
店員	15470
火曜日	14123
消す	17617
考えた	5643
部分	2910
今こそ	13935
啦	15137
生き物	11530
壊す	16808
独立	13667
誰にも	4188
友達	2712
介	1904
統領	2598
結婚式	11483
漠	10983
熱帯	17167
作用	15061
結婚	2827
採	7246
情け	17855
隠し	7723
分後	15990
僕らを	15830
歌おう	11793
生きた	13357
花びら	16282
価値観	16789
言うと	7753
含めて	16965
忘れてた	14622
決まった	14545
陽が	18074
宙	2898
公表	11603
繋いだ	13699
時刻	11910
悪魔	7611
増え	11252
雅	8646
強盗	10053
交代	12028
日後	18709
自体は	17353
費	3279
解消	18212
翔	4114
飛ばす	12614
直前	14331
旅館	18820
笑	881
傷ついて	17701
一つだけ	17439
束	2068
実際に	5723
会った	6574
時代は	17482
負け	4470
容疑	2383
空気を	17593
来たら	14178
証拠	5391
仕掛け	11805
気持ちを	9935
首	2015
君たち	13341
迷惑	6230
込め	6154
战	17866
緊急事態	12744
続いて	1932
無	752
頃	1802
周	2297
鶏	8035
振り返	6089
場所	1491
発展	13865
旨	14375
食べる	4800
設備	16211
雑誌	11663
国境	14701
中に	2676
本を	10332
何をして	14158
保証	13005
以上	1464
覚悟	5559
枠	13446
蓄	15183
韓	3509
正しく	16621
住	1538
遭	7238
近くの	18151
覆	6458
一	378
須	9388
休む	16794
肝	9396
保	1382
転送	18157
回戦	18361
果て	5525
見つかった	7000
掃	6489
次の	5333
受	1066
技術	5222
多分	4224
有	1315
来る	1658
中が	17154
他们	14100
単独	17207
警察	1922
析	6061
煮	5779
直	1075
生徒会	15644
両	1848
休	1821
調べ	2766
大丈夫です	6371
今すぐに	14107
髪の毛	16269
通り	2157
思う	2276
巨大	14928
壮	15961
幕	3678
話が	7442
気で	16683
睡眠	12750
偏	14605
道を	3722
将軍	11504
触れる	9790
昨年	11498
国は	11479
下がり	14315
私達は	16811
俺と	11477
液	4740
則	5776
収容	16187
立ち上が	17743
牙	15870
奮	5948
浮	2836
園で	15757
経過	15161
夜明け	6908
待つ	5053
軍の	15524
虚	7188
工事	14847
孤独	4818
神が	17766
昨	1547
変更	9684
振り向	8008
稼ぎ	17747
怖くない	12340
晴れる	9769
職	2616
私だって	12115
靴	5055
聴	2400
述べ	6995
武装	17758
独特	15839
物	691
実は	1784
后	7540
僕らの	10392
臭	8017
男	882
見ると	8957
新鮮	12062
楽	901
徐	9339
候補	6546
被告	7601
警察に	10426
部分は	17975
順調	10624
自身の	16707
重に	12066
制限	7187
愛して	6510
掌	16370
中国	2402
進行	11967
未来が	13720
厳しい	5182
全ては	16379
押し	4960
人さん	15907
尽き	18022
機嫌	11474
殿	4202
早く	1748
高さ	13559
過ち	15208
状	1267
聞いたら	17214
町で	11356
遠回り	16901
方を	5872
留守	14326
奇跡	4867
一方	2333
欲しいの	16108
付き	3420
泣	1416
透	4563
延期	18748
清	4829
彰	13110
意見	6457
臭い	14037
置	1302
吾	10166
遠	1147
迎え	3910
郡	13049
美しい	4621
悪いけど	16312
文書	13201
供	1411
建て	9701
体も	15168
通行	12834
外れ	15318
各	2794
冷蔵庫	12351
智	7358
読んだ	13992
主義	6878
浜	4079
広	1348
機を	18346
賄	16918
鎖	6433
人だけ	17464
子は	7620
麺	8165
聞きました	10353
未来も	17929
总	18120
松	2835
死んだ	4549
甘く	11742
泣いてる	12620
傾向	11283
俺は	1958
幼稚	17910
手段	11319
地元	4231
波に	17890
疲	2486
震える	12245
迷う	12255
青	1644
慣れない	17589
謝	2479
化する	10068
自信	4901
詰	3154
過ぎる	9236
珠	10836
起き	3127
開幕	9767
自然と	16547
殺	1548
咲いて	15800
野菜	4963
思って	4833
率が	13173
知らなかった	7537
禍	8155
懐かしい	8019
楼	14388
俳	6822
罪	2384
帰れない	17028
確定	14536
待機	14206
出てくる	9407
観察	11460
事態	5708
番号	7864
暖	5272
二十	13703
史上	7475
天才	8856
過	965
感情	4582
落下	13423
野さん	9689
犬	3665
反対	5173
発揮	18774
確率	17485
触れて	11001
感謝	4032
甲	4390
処	2267
楽しく	8745
飛んで	5445
適切な	16972
大丈夫ですよ	16134
三重	18784
记	16149
求め	6108
美術	12420
頼り	10641
分け	5813
叫	3201
揃	8963
背中	5103
嗯	13519
食べてる	18534
菊	12811
合意	12726
返す	6468
数が	8765
教	1112
過程	18364
言葉も	15022
退屈な	18731
失礼	3259
行こうよ	17271
誰が	3892
札	5118
中村	12331
後ろに	14468
美しく	11701
歌詞	13467
無かった	16813
条件	7850
開いて	11112
児	3958
処理	8931
用	853
翌	10098
自己	5473
文句	9747
迎えた	8276
黄昏	16656
振	1797
一定	10864
顔して	12829
知らぬ	9562
旅立つ	16796
残った	13461
若者	11704
街の	14495
事実	5396
剣	3736
子の	12396
泣かないで	13281
遅	2245
耐え	9773
詰まった	17478
政府	2982
鶴	9400
温度	16992
驚き	11963
探す	12083
霊	4556
慣	3904
火で	18860
心	615
使	825
君は	1584
会って	10913
一杯	7333
繰り	10714
分かったよ	17001
人には	11890
全部	1682
失敗	4219
洞	12017
葛	16708
心理	16357
虜	17299
姫	4978
江戸	7652
頭に	8847
見たら	13526
以	888
分か	2210
汁	6597
世紀	8647
罪を	14139
帰って	4418
紹介	2786
復讐	16795
人だった	16141
取引	9411
度	605
学び	12016
落と	4856
私だけ	11379
海に	12362
安	1010
皿	9754
路を	15897
砲	7775
上げた	5126
光り	16010
快な	15584
動きが	18742
詳しい	6606
会社に	17913
所が	11659
感動	8033
覚えた	14225
料	1431
来月	8455
朝食	14003
又	10081
広げて	11757
河	3721
誰かと	12959
数日	15129
比較	12449
先	643
二人が	12170
冒険	9926
気に入った	15564
守	1378
取り戻	13502
長く	6506
何年	12397
柔	6428
間違いなく	13721
黄色	7965
売り上げ	15672
風景	11654
怎么	11621
痛	1766
呑	11748
誕	4254
準備は	12948
勘	5810
区	2244
研究	3764
報道	8637
防衛	6692
拝	9478
泣く	8259
形で	6943
彼女の	9221
泣いて	4809
元	1109
朝から	7933
店	1290
面白い	4715
雨が	2883
会う	6008
危険な	7818
運営	8602
枯れ	16385
子供が	13070
鼓動	5836
図書館	17668
動き	3510
講	7336
叩き	16955
最低	6147
巡	2783
彼に	8253
女の子	4299
舐め	18353
女性が	10454
待ち合わせ	15921
完全に	6825
課	3605
大きい	4594
無し	12174
位の	14569
丁寧に	14877
号	2156
今週	5919
止められない	9627
友情	14819
衝突	9219
推	5480
丁	5043
地点	16218
何もない	8534
組み合わせ	14445
対戦	11111
行方不明	11997
春	2033
段	1996
生きてい	8080
獄	6191
挿	13224
名を	14995
措置	9289
脅迫	18750
富	3903
超える	13661
支払	18428
益	7160
祈り	12029
選んで	10970
我慢	5033
突破	10675
日本語	7573
図	2507
追いか	4094
揉	16281
諦めて	18615
魔	1480
先輩が	14242
毎年	8895
育った	13046
死亡しました	16853
人から	10225
一般	5225
店舗	10716
夕暮れ	11140
出会	2989
顔を	5841
居	1989
関節	16861
一生懸命	9716
近づいて	10072
恋の	8730
象	2176
体温	13409
援	2211
問題が	14888
开	11027
電波	17255
发	12330
和	1511
悪くない	7953
展開	6560
今日から	8638
組む	12833
抜群	15793
駐	7804
信じてる	8754
父親	6114
今日まで	17410
違います	5991
夢中	7671
空から	15466
以降	5175
逆ら	17334
立てて	11737
開き	16036
萌	15797
協力	5011
今度は	4179
金の	13726
日向	17605
称	6492
不意	14625
声は	13142
色の	6012
僕ら	1913
放	1582
寄せる	12784
選手は	6996
特徴	8248
線は	15378
今なら	10632
公式	11832
停	3786
薫	14251
渇	13901
叶える	16492
感じる	5251
飛び込んで	18467
逢える	13476
潜	7507
続けた	7681
読み	5799
賑	18759
視察	18824
替えて	11172
衣	4168
上げろ	17770
偶然	6662
寒い	7139
思い出して	8023
漏れ	15144
襲	4491
信じて	3403
解散	12818
踏	2555
承認	14772
本日	9702
至	5261
何を	1833
受け入れ	12964
脱	3204
教授	7269
換	3987
値	2369
事も	6966
人とも	8132
泣きたい	15329
早	1100
先頭	12926
磨	6197
欲	1519
时	6777
色褪	13784
扉	7494
一枚	15658
事を	3063
案外	18245
上がった	7915
今はもう	18152
重ね	3423
廷	12696
状況は	17456
調べた	18092
駄	2968
会える	6256
容	1562
新しく	12709
指摘	6129
孤	4164
乗り越えて	14517
通し	6719
届き	14771
誰も知らない	12101
特に	3227
葉	1003
現場	3389
僕たち	12092
便	3680
欺	7585
重なって	18708
過ぎて	6026
真面	8514
話した	6620
石	1977
穂	9631
見上げ	13206
西洋	18689
綺麗な	10434
挑	3646
活発	14606
俺ら	10808
週間	3494
幸運	12370
肢	10630
少々	13413
枚	3815
戒	3995
纏	15500
症	2545
変わって	5488
子供を	18699
協会	16078
伸び	4716
歩	1073
挑戦	5474
深刻	11130
体育	12525
何の	7814
打つ	7793
豚	6852
離さないで	13562
文字	5715
道の	8955
乗った	17706
違う	1370
見ぬ	11189
果た	6342
双	7910
今を	8520
作り	4155
困	2709
多かった	11876
放送	5178
意を	15609
大事	2020
演説	13411
終わった	5320
友	1617
爆弾	10807
民主	8059
促	11716
禁	3891
犯罪	6837
雀	18144
分かる	2756
仕事で	18073
渡り	16836
关	14150
稚	14321
二人	1727
中	422
必要があります	17157
楽しむ	13179
寸	13032
見ても	11954
架	11185
面影	12775
貝	14213
涙も	11625
一時	7651
嬉しくて	16634
如果	16145
物質	12878
洲	15913
並べ	11134
僕たちは	11256
覚	1194
長は	5504
卑	13482
遊	2037
出そう	8126
気にしない	12936
分けて	11891
水曜日	14626
寄せ	5660
活躍	6202
無理だ	12383
異なる	14598
天気	3345
素敵な	6323
彼	635
違法	13362
見えた	9253
建築	14921
粗	14807
抱え	16495
織	3735
刑務所	11200
行け	4364
標	3954
運	1146
募	6480
払	3069
場合	3033
基本	5844
入った	9373
域	2381
務所	4744
魚	3276
陳	18201
衰	16866
市場	8284
持た	7504
負けた	10226
込まれ	17317
愛を	4506
終	941
時でも	15844
気にして	10986
内緒	12231
誘拐	13380
寄って	17457
家を	10661
全く	4646
済	2347
障	3508
切り	2251
兵	2977
寄付	15145
威	7008
理由が	16788
燃え	6507
栽	13176
弘	12375
教えてくれ	15598
遅れて	18310
豆	4580
自治体	11383
手術	8244
度目	14364
午後	2999
窮	15591
姿	2473
覚え	6479
帮	16967
補	3313
狙い	13885
見事な	15143
水着	15230
乾	3619
力	747
出せない	12853
禁止	6395
集めて	9038
歯	4472
戦後	18375
宅	2330
起きる	13852
本日は	14737
巻く	17012
予測	10510
厄介	16908
店が	18404
選挙	4440
床	5517
学んだ	15436
横	2625
躍	3796
请	15948
伴う	14432
捜査	4238
恐ろしい	13676
瓶	11756
目立つ	17767
当たる	9590
事故で	13815
差し	3927
尋ね	15254
防止	8959
商店	13327
以来	6115
新しい	2136
上昇	7428
要素	12207
派	2950
未来を	7763
構	1571
弾	2496
荒	4459
込	868
人々は	17471
障害	6640
熱く	9814
順番	12452
予	1181
私で	17403
打	1273
予備	16273
宗	6236
言葉は	7826
咲く	6173
趣味	9645
認識	8330
終わったら	16265
囲	2522
二	934
景色	4607
酬	12850
中は	6723
场	16353
処分	12307
養	4109
気になる	4538
時半	6774
引っ	4701
人もいる	13954
娘	3250
夕方	7332
出せ	5972
担当	7033
重ねた	14249
行	431
持ってきた	16728
化した	12642
入り	4133
天然	11259
由来	17731
気を付け	17739
茶	2623
合計	16292
減	2539
给	11814
海外	5827
閉じ込め	15383
畳	11329
守る	6572
集まる	14134
季節が	17316
国王	16601
戻る	7947
君へ	13330
美味	4426
保存	10659
卒業	6406
失った	11157
皮	5764
私たちが	8120
詐	8013
気	403
擦	9636
覚えてない	17411
献	7512
桂	12584
芝居	11895
素晴らしい	5062
合わせる	11507
保管	14093
舞う	8075
説	1640
欠	5069
陣	5867
諦めない	17829
夢と	15193
旅	1756
渚	14071
起動	15428
感が	7488
指導	8571
蔵	4995
身体	5817
接近	13793
所は	10030
皆さん	2379
辺	2071
恋人	6769
叶わない	16070
手続き	15803
理屈	16655
見えます	14977
届く	5449
従	3880
蘇	9394
出します	15274
潰	8036
賢	7227
会長	6553
恋を	15056
间	12510
分の	6637
現在は	12860
安定	7960
日には	12706
法案	18331
君を	2563
落ちて	6349
情熱	8257
甘え	17759
勇気を	10910
羨	12773
不審	14777
信じる	7256
社長	6145
運ぶ	10496
専門家	12724
俺には	12499
英雄	14548
夜に	6285
記念	6151
量は	13364
知らん	11423
尊	6830
目当て	17094
今度	2624
入学	18695
頬	6200
配慮	17993
自動	5553
胞	7985
私は	899
妃	13488
材料	9495
湊	16884
同様	17125
野郎	5755
相撲	8924
布	3859
専用	13517
確	964
知ら	2089
街に	13300
異常	9792
分かち	14221
幼い	9676
言うなら	18720
会談	7242
言いたい	6712
逸	9680
忍	6484
収	2305
这里	13955
捨てる	14017
遮	13060
考えている	13775
症状	8811
車を	6110
習	2093
予感	11657
線	1407
各地	5130
学者	13768
女王	9144
昼	3339
生きる	3567
度に	8348
各国	13705
返事	13683
口を	9123
哦	16088
似合	18414
跳び	18165
発売	10482
恐らく	7769
菌	7006
精	2711
世界の	9054
所有	12611
誇り	13571
行くわ	16356
診断	12272
見てた	8752
灰	8442
増える	11770
浩	16562
葉っぱ	16551
找	12689
面倒	6212
気がして	12617
要求	9460
垂	10858
出かけ	10618
鉱	13809
餅	14767
昨日は	10780
畑	8178
涙	1677
立場	10868
軍は	10550
会議員	18243
醜	15889
徹	6345
会社の	18279
快	3827
愛と	13812
歌を	9085
自転車	7686
覗	10702
具体	7463
稼	6311
紀	4935
変わる	3597
当然	4190
歳の	6721
指で	14824
考	905
倒れた	17084
足	1120
不思議な	7087
課題	6250
何してるの	13213
国	633
危	2100
許可	7286
岸	2864
傷つけて	17745
僅	9973
新聞	8858
録	2214
誇	4450
出会う	13529
過ごす	8711
離さない	10221
必死	11551
状況	2348
手を伸ば	8369
悩む	17799
部分が	16173
出てきた	9845
描いて	13969
入る	9681
意味	1813
復活	11220
機	1244
縫	9577
大丈夫か	8949
出したら	18005
食事	6126
属	4544
業員	11177
戦略	11874
親父	10375
捜	2799
走り出す	17903
赤い	5022
降	1263
業者	14612
出したい	17527
濃い	14761
期待	2889
知りたい	6491
厳しく	15522
終わりだ	15170
優勝	4379
私たちの	10129
頑張る	13837
報じ	14112
国立	16015
捨てて	8757
衛星	12664
科書	15322
塚	10112
頼む	4530
情報は	17623
員は	16092
戦士	15880
拾	8887
希望	3394
増や	10320
天井	13840
様が	5622
照らす	7541
以前	6552
乏	17545
氏	2491
大	369
充	5918
昏	13810
一つ一つ	14695
私の	1753
覇	8157
疑	1573
今回は	3784
見ろ	14776
思っていた	16694
王	1816
上がり	4318
知る	7010
頭の中	14334
泣き	4406
開け	7654
哲	13021
発	746
子どもの	13272
悩んで	15388
結末	14429
畜	16991
星	1426
流	1204
塞	7707
打ち	2729
真っ赤な	17717
険	2126
怒	2772
軽い	10697
低下	14898
落ち	1532
摘	4913
番目	15297
愛の	8742
最大の	15303
独り	6502
気づけば	18070
走る	5634
交わ	7259
振り	3155
探偵	15377
辛い	7094
触れた	8641
堂	4346
何だって	10530
消えて	5065
生涯	16166
彼が	4691
摩	9959
代わりに	7132
街で	11558
曲	2351
環境	5357
菓	5490
有効	12609
南	2223
太陽が	12917
立った	11965
約	1678
半身	18563
視	1713
中には	9076
冷	1863
実に	6987
貼	9368
竹	7084
心配しないで	16130
責	3805
何よ	12879
府	2145
政策	7934
車で	8849
軽く	8241
走って	9900
力に	16423
何時	13106
狙	3298
泥	7083
面白	5947
焦が	8696
陸	2891
気に入	4979
突き	4150
苦しみ	11926
失う	10147
踊ろう	10712
得る	17367
製	3549
助け	4211
微笑	5620
今更	12368
何十	16962
人が	1085
心地	7624
筆	8658
鋭	15343
会いたい	5695
可能性は	15717
正解	3920
低い	7040
酵	17639
化	1113
帳	11090
切れない	10432
来年	6369
戴	13607
縦	8398
息子	5000
前から	5446
費用	13560
空の	13803
選択肢	11490
劇	4547
月に	4945
設計	11855
帰れ	15142
会いた	8303
終わらない	7615
暗闇	8502
恋は	8416
尚	12886
言われた	5366
思い出	2654
色々と	17251
彼の	6065
信仰	17440
氷	5168
大統領は	7447
言え	4848
屋根	10429
崖	15327
澄	7178
館	3020
弁当	7373
透明な	16869
窓から	16778
山口	10847
仲良く	11712
酸化	16075
生産	10021
境	2983
努力	7455
究	2787
見ている	12356
次々と	12239
車両	11442
現代	13061
自分から	16775
行列	14443
華	3185
何度も	3283
駅	2592
少しでも	9663
恋が	17894
成立	13964
未来に	12859
愛し	6097
離れない	11357
船は	16958
駄目	5468
落とした	12714
調べる	18848
嫌	1599
儚	8433
市長	15231
誰より	11773
冠	6476
切れ	5792
漫	7739
整	3574
朽	15178
良くない	15722
同時	18633
貴	2162
仕	997
判明	14489
夢を	3658
起きた	4604
見つめて	11431
馬	1952
調味	15306
我々が	12015
弁護士	7429
想像	4571
出来ない	6689
止まり	10290
対処	16101
小学生	12297
女	646
慣れ	17850
近くで	11616
海を	18262
瀬	4569
好み	11171
重い	8674
嗚	9662
出来	2584
早期	18648
時を	7106
幸せに	15705
離れる	12764
緯	14681
物の	13818
実行	8942
攻め	10718
証	1902
確か	3781
逃亡	18684
人の	1596
死亡	4492
流れて	8250
会えて	12585
様を	16897
並み	9086
曲を	16557
食材	8396
春日	17900
掻	12338
新人	18749
吸収	17160
抱きしめた	16980
時期	6629
把握	15820
祝い	13469
繊	12304
聴こえる	17416
引っ張	8802
哈	15139
血	2365
想い出	7424
気持ちよく	9474
宝	3983
飲み物	18656
油断	13986
非常に	2795
真剣	10182
悩み	7479
毛	5034
衝	4177
手を繋いで	18840
化が	16993
仮面	12674
返せ	17095
案内	9262
痴	12858
野生	17335
事務所	6781
手伝	4011
騒ぐ	17375
拭	9857
諦	4014
超えて	13020
燃えて	15453
大変	2546
綾	10444
広がる	7613
子	536
連	924
結び	9493
総合	12971
分で	9601
前で	11031
旦那	8094
我们	6137
叫べ	15069
傍	9817
描いた	9152
曖昧	10319
東	920
半	1489
荷	4591
感想	14828
西	1966
封	7324
付	909
混乱	9699
一人で	5705
軍が	9224
男だ	17342
買った	9605
消	1265
体に	7730
融	7283
恋しい	15809
思いが	13524
期	1223
似ている	15840
権利	12610
掛	3169
未	1214
秀	5970
季	3136
動かす	11323
染み	13709
起きている	18280
全てが	10296
已经	15238
月曜日	10082
今年	2718
世界に	7318
悟	3519
再会	17994
毎晩	17006
配達	16380
日々	2366
難しい	2962
足元	13163
難	1429
矛盾	16343
他には	15118
你们	8443
日も	5858
本が	15962
何か	995
銭	8682
時間は	6465
気付	2970
書いてある	14285
君の声	17638
茶色	18332
初の	12506
果	1322
消え	5044
惨	11335
高い	2537
状態	3096
宛	16349
使い	4887
稲	8870
見たことない	15192
捉	11187
進もう	15471
台	1433
日々に	15124
布団	14184
久し	5315
部下	15064
部門	14036
大丈夫ですか	9719
見つかる	11916
最初の	7631
気分	3677
比べ	15366
線が	12658
店で	11191
最終	4240
静か	14906
会	517
首相	8821
多くの人が	14530
政府は	6997
確信	13145
犯人は	13897
午	1868
材	2028
弟	4097
当てて	16519
内部	16535
牧	9046
年末	15490
皆さんに	13280
落ち着け	13067
但	8690
這	10529
根拠	17509
戻り	13348
官は	9222
出発	8555
暑い	8948
加速	10765
窟	17884
頭を	9818
見てる	6216
溶けて	12731
夢見て	18104
工場	8692
元々	13267
免疫	14576
日から	6581
知り合い	15039
分かんない	9165
黙って	6846
全開	17349
物だ	16687
全然	2550
世界一	10606
心は	5834
妙	5020
繋いで	9087
慮	5252
成績	14048
暮	2666
何気ない	16354
見せる	14108
嬢	6027
連合	13958
臓	5265
防ぐ	10931
当時	3806
明る	5933
内容	6103
下がる	15353
年の	5046
論	2548
日々が	14302
渋	6035
上げます	11161
人生を	13829
隷	15264
級	3641
雨	989
似	2240
気づかない	14573
知れない	16008
英	3971
自宅で	14707
京都	6434
真夜中	17812
回る	6382
先週	6518
径	15108
進み	11766
姐	12265
挑む	14611
同	811
乱	2847
銃を	17551
間に	2078
大き	1175
性を	9476
確かに	2361
企画	7903
詳細	12653
人気の	16833
確かな	8154
調理	11480
周辺	6842
決して	5412
司	3056
多少	12644
幸せな	11149
聞いてくれ	15005
逢いたい	10821
笑って	3572
知事	16239
到達	18063
映画	3237
純	4002
危険	3300
奥に	18098
悪く	15106
正面	11610
合は	18636
大気	15882
訴	3912
浸	10512
合格	10602
臆病	11121
昨夜	10157
始まり	7949
時々	7374
会い	5927
過去に	13702
集合	12661
数百	18661
誰もが	5424
名	1034
目撃	8855
急ぐ	12458
緊張	5280
突入	16957
歴	3747
夢に	8798
覚えてる	7236
満ち	16225
見つけた	5613
羽ばた	14168
乗り	3453
时候	16394
飛び	2340
讐	14678
後で	7553
餃	16054
回目の	14103
願う	7623
子に	13535
配信	8770
撤退	17239
鉄	3260
想う	16650
恥ずかし	12517
酔い	14510
愛は	7202
上が	1224
好きに	12130
今月	4169
聞かせて	6426
胆	9069
固定	14555
食品	9742
現実	4278
並び	15418
優秀	9904
力も	18109
考えてる	11746
同意	15021
部長	10291
君だけ	11882
就是	11894
隠れて	14447
粧	11629
見たい	7939
専門	4932
祖	6139
強くな	8145
青く	16410
呪	8196
有名な	10055
他	1301
凍	4631
康	4348
聞こ	2604
不満	9569
人工	12944
再生	9448
予定です	11497
張	1116
証明	6213
回り	5566
普段	6738
輝き	9261
足りない	4922
一面	18713
我々の	17332
左右	12249
平等	16542
親切	16973
夕陽	11821
暗	2831
者は	2279
育ち	14335
隊	2447
窓の外	18202
家が	10004
芸術	10905
自転	6828
大切に	9111
嘆	10286
開始	6992
傾	6164
地を	9371
上の	7586
続きます	16317
誰だって	13681
言葉を	6695
毎週	16522
盾	10096
意識	3974
書	1350
武器	6893
叱	12355
言葉	1271
癒	6937
頂戴	16555
読む	10883
一方で	5857
罠	13797
許せない	17984
触	1845
場所が	13098
仙	6753
空を	6034
完璧な	15173
患者	8981
転換	15218
晴れた	13851
尽くす	13957
当局	10111
祝	4641
什	6595
言っている	11233
劣	11666
羽根	16502
運用	17746
仁	12211
手を	1820
伝わ	6778
加工	17673
世界中の	17036
坂	3528
要因	14789
僕	575
愛	667
日常	7444
交差	8718
鳴り	7355
気な	8797
思います	4924
足跡	13126
何も知らない	17004
堪	11279
濡	6001
純粋	14119
言	417
宵	8672
人たち	4731
避け	11088
子供	1999
間違えた	16829
米	2932
忘れて	3726
丼	11354
外出	12904
大変だ	18363
派手	14920
夢中で	16693
猫	4409
保健	13606
大切な	3705
統	1790
確実に	14479
連休	15738
冬	3090
最高の	8454
空を見	13428
近所	10682
室	2067
愛してる	4124
祥	17097
舞	2024
知恵	16042
先輩は	15766
落として	11224
不足	6453
足で	11151
鍋	7655
脅	6410
絶対	2030
大人気	11875
栄養	11505
呼	1174
何でも	5134
桁	13558
偶	5912
罰	7352
事務	14506
信号	7762
何かを	9529
小さく	11407
感染	2908
積もる	18828
未来は	9541
日本	844
誰かが	4883
分かった	2692
生まれて	6603
地下	6815
場に	9306
目の前で	16809
彼と	13825
傷つく	12734
何があった	8667
始	984
分に	11144
粋	9280
都会	8606
沖	4301
甲斐	12652
黒	1985
強さ	12078
見えて	6762
握	4008
皆さんの	17580
絆	7351
共産	17016
被害	3281
仏	8183
聞きます	17501
呢	9503
街は	13385
注意	3328
必要な	6948
場の	14572
滑り	17503
田中	8159
始めよう	12343
交差点	14627
聞いてる	13735
幽	10757
女が	10177
後	606
黒い	6694
歌い	9427
喜ぶ	11800
今後は	16048
落	1083
取れない	18599
待ってた	11231
飲み	3348
相性	17038
行くの	12599
苦労	6257
汚	4181
後の	10859
様	833
很	7466
頑張ろう	17025
割	2147
騒	3445
恥	2978
私が	1418
間に合う	16383
前には	17784
地区	9050
染	1722
中でも	8664
哉	11888
同盟	17106
発達	10704
古	2190
格好	8885
誤魔化	16203
理事	10484
出てる	12473
完了	8150
終わって	13868
収穫	11032
的には	4974
戸惑	9978
寧	8322
橋	2701
嘘	2517
何だか	9948
考え	1524
何が	2194
金持ち	15824
洗濯	9010
踊り	6429
既	6130
原則	16933
飲み干	18317
心で	10420
人々が	18333
阿	5418
家は	8332
何度だって	16608
男性は	9583
言ってない	16451
渦	15902
労働	6749
中学校	14228
普段は	18133
届けたい	12712
静かな	11783
取れる	14047
高速	9471
肥	12976
四	3465
選手の	10508
排	9851
菜	2848
分かっている	14996
届け	3710
繋	2705
研	9764
返し	7851
日付	18785
心が	4242
注文	9258
唱	8773
決めて	10566
一晩	14962
差別	14299
集まって	9954
嫉妬	13393
稽古	15430
名誉	14202
渋滞	16045
蝶	13138
勿	18760
選ぶ	9723
最悪	7032
解放	10497
信じている	17130
食料	10160
重要	3409
皇	5229
吸い	8626
話しか	12540
適用	15163
絶望	9227
重なり	16696
理由は	9149
避	2700
見つ	1469
腹	2855
逃げ	1927
大学	2816
奏	3568
主席	17413
立	782
怖くて	14353
大きく	3777
僚	9179
向かう	7313
正しい	5932
働き	9166
中学	12431
音	1052
勧	9523
思い	1170
院議員	17158
映る	8678
使う	4666
前線	7749
選手	1257
方	552
魅力	6535
綿	14173
往	8536
頑	1836
想いを	10421
泳ぐ	16449
店長	16573
晶	11815
性	740
中央	7579
興奮	7306
導	2733
同行	17781
艦	5672
時代の	18347
雇	7396
飛び出して	17772
引き続き	8944
内の	7554
些	7219
穏	7993
個人	6022
凝	11980
分かって	4885
分だけ	17493
一人の	15765
牲	6610
陛	9161
子と	18480
進む	4663
感じ	852
魔王	16909
脈	9005
寄り添う	16782
合った	5899
満	2080
本人	12515
彩	5171
十字	17691
言う	1227
領域	17763
力は	8813
肩を	12823
沿い	16611
会を	16586
口ず	15604
師匠	10406
機が	12997
水が	8382
普通に	8125
何も言わ	16691
叫ぶ	9507
看護師	16810
遠くへ	13317
翼	7303
尔	15878
走	1375
変態	13197
抑	6884
博	4639
濯	7932
知識	11650
告	1700
自分	759
死んで	7271
意外	5047
犯人	9791
新たに	6896
帝	8260
当時は	15903
言いた	11892
道で	11794
降りた	18137
温もり	13589
気ない	12482
分かってる	5132
違うよ	13103
分からん	16093
踊る	7145
先を	13584
機能	7399
味を	17383
七	4080
眺め	16350
強い	2387
相変わらず	10814
自分自身	10038
山の	15884
足を	7023
降り	2501
役割	12950
烈	7249
案	2695
覚えてい	15521
選び	11799
見ないで	16815
電源	16587
者たち	17926
鬼	4921
時は	2837
激	2314
阪	3725
誰よりも	7873
受験	15467
何も	1492
転	1386
多く	2016
大会	2843
物に	13939
日は	3901
地帯	18291
連携	10665
市の	6303
大胆	11450
血液	13432
奴が	15885
題	1137
含	3181
前にも	18377
抽	17270
黙れ	11987
事	457
都合	9299
弄	14973
今回も	14716
時から	6733
殺した	13962
下さい	3164
助かる	12484
表明	17284
吧	5327
頭痛	18592
魂	4797
年以上	9051
博物館	17521
割と	16352
口に	9386
水	957
考える	3948
果てしない	16484
遺体	12647
该	11309
茂	11456
忘れ	2691
兄弟	8615
小説	10730
部に	12312
試練	18818
季節	3878
全国	3043
順位	16004
致	4583
丈夫	1188
来い	7384
考えたら	17809
受けた	13626
誓い	15433
予算	9030
貴方が	18149
棚	13258
一生	4638
管理	5673
騒が	14787
狩	9555
続けている	14289
変わ	1076
入院	10686
親友	9771
落とし	14069
何度も何度も	18409
爽	11779
実を	18384
離れた	6372
続け	2513
菓子	5837
踊れ	10552
自動車	10284
技	2215
万回	17539
雄	5277
登校	16667
風も	12954
船長	13228
身に	13804
囁	13239
優しい	3898
絶対に	4763
憩	9145
琳	13684
喜	2398
容易	18543
殺人	6835
資	2796
昔の	16143
携	4953
虹	6299
弱い	7183
三	1497
直ぐ	11396
急な	16569
勤務	13645
果たして	7898
待てよ	14562
応え	13601
怪	3935
覚えている	14941
科医	18632
焼け	6296
確かめ	13707
風呂	5825
非難	11977
植え	18013
売り	5904
思い出す	6402
分かります	8081
開いた	14257
浅	7121
出身	6843
濁	15865
东	16584
許す	16140
明か	12748
聞く	4767
出口	14149
似た	8202
達	1086
月	701
姉さん	12615
距離	4429
競技	8978
婦	4286
冷え	13741
任務	7959
地上	12635
手を振	9459
廊	14014
楽しめる	10881
有咲	18300
輝いてる	17878
一緒	1071
取り組み	10706
停止	7077
思	419
沖縄	5201
答えて	10998
二度	12393
知	611
本は	14770
見つけ	6677
会場	5928
手と	10316
条	3854
馳	18172
続けてる	17218
提	3703
月の	7189
確保	7331
仕草	17947
誰かの	15187
私と	5782
獲	4532
笑顔で	7877
診	5267
笑える	10128
九	3856
谢	15481
征	14946
決定	7203
若い	4759
量	2138
彼女に	10168
日差し	14238
抱きしめ	10845
旗	8835
令	3182
山が	18807
依頼	8173
寒	3216
犯	2098
花は	12004
身を	5751
制	1624
構造	14339
邦	9334
結果は	14766
花	1288
嫌いな	15310
望む	7912
沙	7439
真ん	16739
登場	4513
忠	9225
手伝い	12786
孤独な	15772
彦	11886
悲し	12913
放課後	17622
回目	5868
怖い	4058
感じて	6944
年間で	16874
騎士	11408
飯	3225
瞳	4086
嬉	2610
掴	6051
登	2234
義	2328
理は	9309
長い	3106
込まれた	11071
室に	13795
移	2312
族	1632
黄金	16390
重要な	7250
店に	16407
俺たちが	17928
撮	2948
終わり	3428
歩いて	4412
解	973
歩き	4729
不明	5531
飛べる	18041
貢献	13308
偽	5151
杉	8201
顔で	10244
別に	3137
点が	13891
届いて	15439
本気で	8128
愛した	11633
情報が	11982
头	18308
合おう	13909
突	1578
頑張れ	9102
犠牲	7977
的人	15182
捨てた	13782
見つめ	7414
好きで	9223
惑	2802
散歩	10119
況	1862
这	2785
何かある	17732
思考	13937
居る	10698
観客	9475
物で	15446
傷つけ	11197
監	2840
万ドル	12293
僕に	5965
桜	4126
噛み	11380
娘が	16630
良	1179
本能	12527
学生	3779
只是	18825
鍵	4660
鼓	4720
峡	17262
姉妹	14021
凶	12044
遥	7065
年	526
口は	16729
詳	3398
活用	15120
様々な	12754
経緯	15930
呼んで	5392
男が	6515
刻	2585
何故	6196
移動	4786
指揮	5429
年に	4234
降ろ	17755
去り	14147
星は	16289
末	2564
瞬間	4458
自慢	8556
八	3748
意味が	14698
対	775
操作	14723
軍	1701
遣	5621
合いが	17173
自分たち	11559
立て	3166
落ち着	3534
大規模な	13894
上がって	5207
様も	16431
地	651
死刑	18845
帰ってくる	18292
薔薇	18112
完	1818
膚	16596
頼み	15401
分です	17187
才能	9142
意志	18209
素材	14345
分	413
福	2575
目覚	5662
危ない	7702
特	1305
上手く	7780
燃える	8851
座	2133
揺ら	18550
動く	7888
団	2182
死ね	17020
灯	4152
医	2500
体力	15184
喜ば	17361
以外にも	17973
梨	7193
具合	10619
砂漠	14199
変異	16450
終わ	1260
再現	12691
民	1462
相	1009
人で	2580
槽	15333
包んで	14727
好きよ	14414
歩こう	14652
先輩	2231
人物	7691
死な	12126
主張	6760
聞くと	14966
抱き	6806
縄	4305
側で	14756
少年	5996
笑ってる	11277
止まない	16628
知っている	6454
結ば	12814
未来の	16367
完成	4894
炊	11851
男は	6043
起こる	10339
繋が	8000
夕焼け	14110
冒	6927
共通	12502
違反	8468
沼	10430
日に	3414
最初に	7119
値段	9451
要望	18330
浄	13002
奴は	9585
房	5569
余	2426
孫	7317
女子	4777
要	812
残された	15155
範囲	7070
海	1016
徐々に	11082
物語	5299
玉	3016
真っ	3488
節	2355
中華	13516
惚	8611
逃げた	11022
微	3615
尊敬	14170
索	4416
待たせ	8090
食べて	4196
静	2254
重症	9033
燃	2470
必ず	3473
見て	1430
立た	10962
楽しい	3292
負けて	12558
所得	17805
爆	2937
易	7406
携帯	7262
印象	6472
边	18355
警察官	12521
顔が	8853
賢い	16959
後ろから	17697
違い	4911
泣いている	17595
遅く	13613
动	14078
関連	8200
晩	5121
軽	2670
一部	5498
神社	10620
嫌な	9363
越えた	14025
準	2288
依	4550
溢れ出す	17885
交	1517
人間が	15140
家族が	17142
貫	8071
一つの	17378
盤	5086
方がいい	5138
崎	3203
食べ物	11630
風が吹	8725
誕生	4353
悲劇	16913
強くなる	14493
生まれ変わ	14936
滞在	17930
君には	10965
魅力を	15619
判定	16682
声に	18701
伝えて	6348
産業	9786
招	7834
古屋	9441
買い	4546
配置	11873
寝てる	15092
酒	2331
叫び	9508
誌	7561
明るく	16109
少しは	10669
还	5745
巡り	8118
溶	4264
死亡した	14075
劇場	17645
全力で	10343
原子	14448
私	396
仕方	4874
関係	1588
做	10460
使った	13903
春の	17733
勉強	4616
早速	5787
迅	16321
滴	14747
女の	13064
英語	8878
思い出した	11375
見つか	16951
彼氏	10085
未練	14712
不可	12131
封鎖	17667
就任	13638
言います	12881
離れ	6615
北部	8420
言ったら	11495
詠	16570
円	1425
在	1160
吃	18344
恐怖	10209
向こう	5929
到	2781
会に	14866
岐	10571
伝説	9159
信じ	1409
定	951
散る	10382
保障	8984
地図	8444
幸福	13596
価	2048
夢見る	14217
異	2885
離れて	6989
会社	2427
照れ	13515
待った	11518
使命	17567
小	938
裏切り	13936
自宅	4791
真面目に	18383
遅れ	8766
趣	7208
侵	3790
君に	2445
半島	12163
学園	5639
効率	15845
固	4156
体を	3949
夫婦	6281
抑え	12845
映し	17027
部が	15676
度も	14794
宝石	14129
紋	11021
袖	11485
互	3319
自治	7555
当て	5060
比	3261
么	4187
貴様	11571
請	4521
涯	13694
帰	1162
持	706
私達	5561
日々を	9883
今から	5054
続	678
場所を	11370
像	1694
公共	18229
失	1217
縁	6496
瑠	10841
作業	3872
寝る	10142
帆	14800
影	1667
調べて	8493
潜水	18220
大人になって	18231
骸	17859
暮ら	9181
自由	2528
次回	10658
怎	10635
奴らは	17546
对	7186
恥ずかしい	4708
政治	5968
太郎	6265
情けない	16471
交渉	8015
後半	7114
殺す	9035
刊	16419
斯	15242
荘	16056
置き	6511
械	8193
安全	3607
鮮	2830
導く	15822
認定	15415
動	679
応答	16971
要するに	16770
追跡	14876
僕には	11028
慣れた	11132
拒否	17324
他にも	7158
戦う	6900
作戦	5703
帰ってきて	18405
番組	3909
目指	2980
堂々	18249
気候	17517
入って	4847
薬を	12779
大丈夫だ	8579
顔	945
時の	7328
言えば	6647
金融	11810
付き合い	14389
消し	13823
川	1334
回って	10919
日が	3975
残念ながら	11921
産	1679
音が	6297
泳ぎ	12663
主	1154
方々	17774
子さんが	13271
夏が	15122
覚えて	5032
奏でる	17620
緩和	12875
暁	13136
汚れた	16765
方の	14820
味が	7909
支え	13574
辿り	9340
連続で	9725
気も	12366
同じ	1173
堕	10093
約束	2875
斐	12410
払う	9858
選んだ	7185
伝統	8268
中間	17861
思いを	10323
骨	3633
燃や	9176
世話	6730
見つから	17458
飛	1129
貴方は	17226
幹線	10245
夏は	13128
漂	10612
言った	1881
図書	13967
方面	17572
期間	6042
演奏	9155
詮	18305
資格	14647
流す	16461
照らして	16414
親	1283
復	2874
工作	16585
蔵庫	11042
注目	3599
意外と	8673
妊	9029
乃	5730
気圧	7511
開ける	17814
内閣	12828
勇	3104
届ける	12294
乾いた	14750
思いました	15132
言わせて	15625
閉	2180
湾	5989
袋	5249
覚醒	18637
継が	15075
見た	2056
手伝って	16852
使用	4976
練習	3804
味わ	5818
申請	10162
美味しい	6539
主催	18148
前半	8831
大地	11909
真っ白な	17909
応	1395
緊急	6169
拘束	17891
職員	10233
歩く	5056
育	1751
言われる	6983
嫁	7724
追加	8361
汚れ	14194
君と	2149
者と	10749
甘い	4004
真っ直ぐ	14132
拠	3884
受ける	12835
手で	6119
吗	7230
通	742
敏	11234
眠れない	9015
触れ	7131
号は	16744
吸	2599
作	690
嘉	15891
常	1306
点を	7392
方針	6269
命令	7243
眠	1953
認知	13552
継	2936
綺麗	4365
怒る	18677
付いた	10480
地下鉄	17927
通る	14792
来たの	14177
部員	17634
刑	3813
全力	16111
生きている	7725
巻	2828
望み	8756
裏	2793
今日も	2408
出た	6464
気か	16915
她	9472
降り注	14351
生きていく	12500
繰り返し	9116
見てない	18370
你	2527
秘	2372
濡れ	17976
面が	14989
剛	16257
優しさ	6981
意図	16704
合わない	9912
読	2169
彷徨	10629
打って	12445
科	2765
足が	10634
入れない	17672
認める	12208
様に	4578
騰	9458
気持ちよ	8998
集まり	14415
叶えて	15465
其	10468
所で	6277
身	1042
不要	10377
余裕	7284
具体的に	16709
気がした	13636
息が	12755
二人は	8181
違	801
滲	12631
一般的な	17901
送った	18723
振り返る	17966
道路	4977
高鳴る	17389
何でもない	13877
最後	1437
工夫	11774
竜	6206
需	8841
痩	15984
最初は	7427
周り	8386
場で	5197
野	1033
演技	10208
書いて	5693
嘘をつ	13822
間違い	6045
人です	9956
以内に	15657
咲いた	11615
爆発	6094
繋ぎ	16513
夢の中で	17292
挙	3310
先の	13647
確かめて	18269
改革	15568
建設	10782
集	1295
危機	9591
近づ	3470
言うの	16085
酢	11853
一个	10509
手も	15656
必要はない	14632
大陸	15364
抜けた	14138
許して	12839
車	1017
細い	13882
大統領	2690
者も	12150
噴	9944
築	5457
省	2902
土	1874
三日	16730
噛	12053
变	17670
時点	18417
早い	5367
命	1226
達の	18011
違った	10094
飽きた	18431
壊れた	13129
組合	16679
培	11138
名前	2867
知り	4142
払い	11641
消える	7099
今後も	13847
大分	16916
写真を撮	15783
北	1328
私に	2964
全体	5209
韓国	4034
納得	7845
今のは	11358
食	719
鎌	11235
輩	1968
指揮官	6186
思ってた	8710
呼ぶ	5415
实	11636
下げ	11045
述べました	14038
隠した	14080
多	867
以外に	18205
強くなれる	15505
遥か	11930
浴び	10761
大会で	16560
今回	1493
言わないで	6790
上げ	1138
軍事	7170
亜	8045
知っています	16009
員	1106
速い	10835
笛	10398
濃	5572
来週	6866
少女	6839
言わない	7731
座り	14836
帰ってきた	13135
上手に	14740
争い	15026
此	6758
聴いて	11102
君の笑顔	13268
搭	18803
察	1528
全員	3715
戦を	14245
意地悪	14853
全然違う	13652
自殺	8825
量を	16879
寝て	10179
云	9776
明日を	9064
運動	4765
退屈	7881
逆に	6092
面	970
好きだよ	12430
圧	3042
瓦	17518
基本的に	16305
頭	1452
上げて	3614
艦隊	17014
気持ちが	8622
手は	7995
朝の	15086
兆	8988
受け	1594
誠	6990
水を	7089
恐れ	8024
真	963
普通	2671
線で	11567
流れ	3877
切る	6067
類	2420
依存	14480
抜いて	12711
寄せて	10019
愛で	16844
膜	14586
移り	13975
乗って	12406
聞かない	17086
子も	17808
話がある	17914
腕	3451
奏で	8539
違うの	16764
環	4248
催	4137
拐	13092
基準	12223
圧倒	11118
部活	13510
官が	9713
大好き	3057
買って	9461
限定	8816
優先	10144
場所で	8829
欲しい	2113
着て	13401
腐	6545
踏み	3873
監督	4115
額	3693
楽しんで	9568
車に	14019
冷や	12856
今はまだ	17365
誘い	16086
話せ	15606
級生	15563
照ら	9807
夜が	7044
今回の	5181
張り	5285
無料	10012
実験	7140
終わる	6152
願いを	10297
从	14855
最近	2939
水で	16416
出演	9127
島で	17076
部屋に	9576
司令	11948
怠	14296
什么	6963
中から	13490
幹	5590
淡	8370
忙しい	7043
哀しみ	14508
結論	13866
頑張った	13486
加	1289
自身	3396
食う	16329
耳	3180
川が	18450
看板	14914
干	4693
泰	17943
浦	7075
舎	7255
私たちは	4226
購入	7872
行われる	16094
場	631
闇に	14971
油	3861
飛ぶ	7495
分が	11667
妨	13973
懐	5467
反応	5957
警察が	10899
新た	3041
救	3038
広げ	7506
勝って	18391
区で	18815
示す	18076
賭	7946
巧	14393
会えない	9633
肯	17712
言われ	10366
託	8509
負ける	11661
盆	11871
実感	14063
始まる	5908
衝動	11110
集まった	15288
呟	18389
匹	7461
被	2155
教え	7943
誓	4186